run_name,seed,epoch,lambda_s,lambda_c,lambda_q,actor_eps,train_accuracy,train_loss,train_task_loss,train_sensitive_loss,train_cost_penalty,train_exp_cost,train_set_penalty,train_designated_queries,validation_accuracy,validation_loss,validation_task_loss,validation_sensitive_loss,validation_cost_penalty,validation_exp_cost,validation_set_penalty,validation_designated_queries
baseline,0,1,0.0,0.0,0.0,1.0,0.3328888888888889,2.5847720636261835,2.4381286766793995,0.1466433968808916,0.0,16.488646507263184,0.0,1.200412329700258,0.45,2.240364968776703,2.1233938336372375,0.11697118729352951,0.0,16.486790657043457,0.0,1.0
baseline,0,2,0.0,0.0,0.0,1.0,0.46544444444444444,2.1885310808817544,2.0680255591869354,0.12050552366094457,0.0,16.498613781399197,0.0,1.0,0.472,2.2218249440193176,2.104624092578888,0.11720084957778454,0.0,16.474916458129883,0.0,1.0
baseline,0,3,0.0,0.0,0.0,1.0,0.47855555555555557,2.1442271735933094,2.0262778566943274,0.11794930572311084,0.0,16.50134653515286,0.0,1.0,0.474,2.1508198976516724,2.039155215024948,0.11166469939053059,0.0,16.49535036087036,0.0,1.0
baseline,0,4,0.0,0.0,0.0,1.0,0.486,2.1188168260786266,2.010726514789793,0.10809032184382279,0.0,16.509602387746174,0.0,1.0611545112397935,0.481,2.1162688732147217,2.0320092737674713,0.08425956778228283,0.0,16.516377449035645,0.0,1.088530421257019
baseline,0,5,0.0,0.0,0.0,1.0,0.4888888888888889,2.084561049938202,1.987212770515018,0.09734828837422861,0.0,16.511520915561253,0.0,1.1263020833333333,0.493,2.072380691766739,2.0002994537353516,0.07208117563277483,0.0,16.509522438049316,0.0,1.2044383585453033
baseline,0,6,0.0,0.0,0.0,1.0,0.503,2.05313304066658,1.9568723804420896,0.09626066332889928,0.0,16.49890587064955,0.0,1.2235677076710596,0.48,2.1358845829963684,2.055843770503998,0.08004082925617695,0.0,16.494832038879395,0.0,1.1671942472457886
baseline,0,7,0.0,0.0,0.0,1.0,0.49777777777777776,2.0776276290416718,1.982843793100781,0.09478384722024202,0.0,16.49722973505656,0.0,1.1510633660687342,0.479,2.099355399608612,2.018450438976288,0.08090496994554996,0.0,16.500625133514404,0.0,1.1306573152542114
baseline,0,8,0.0,0.0,0.0,1.0,0.5011111111111111,2.0533007416460247,1.9616961744096544,0.09160457220342424,0.0,16.496618429819744,0.0,1.1838758687178295,0.496,2.083835542201996,2.005682021379471,0.07815347798168659,0.0,16.5098876953125,0.0,1.171504557132721
baseline,0,9,0.0,0.0,0.0,1.0,0.5068888888888889,2.0560054381688437,1.9654215574264526,0.09058387111872435,0.0,16.499283207787407,0.0,1.1517144077354007,0.495,2.0634721517562866,1.9872593879699707,0.0762128159403801,0.0,16.499857902526855,0.0,1.1893857419490814
baseline,0,10,0.0,0.0,0.0,1.0,0.5106666666666667,2.0217198166582317,1.9336921208434634,0.08802769426256418,0.0,16.50015359454685,0.0,1.1662760410043929,0.506,2.0730180740356445,1.9940102100372314,0.07900785095989704,0.0,16.499162673950195,0.0,1.1416015625
baseline,0,11,0.0,0.0,0.0,1.0,0.5206666666666667,2.0215079651938543,1.931679626305898,0.08982834323412842,0.0,16.500590377383762,0.0,1.1423828105131786,0.51,2.0587151050567627,1.9721160531044006,0.08659904263913631,0.0,16.50309467315674,0.0,1.1326104700565338
baseline,0,12,0.0,0.0,0.0,1.0,0.5227777777777778,2.027759518888262,1.9370402097702026,0.09071930435796578,0.0,16.49859031041463,0.0,1.1748697923289404,0.521,2.0445497632026672,1.9626103341579437,0.08193948864936829,0.0,16.495028495788574,0.0,1.1376953423023224
baseline,0,13,0.0,0.0,0.0,1.0,0.5452222222222223,1.9922928578323789,1.9048941565884485,0.08739870026086767,0.0,16.48814519246419,0.0,1.141514754957623,0.543,2.031126230955124,1.957713007926941,0.07341316994279623,0.0,16.498422145843506,0.0,1.1556775569915771
baseline,0,14,0.0,0.0,0.0,1.0,0.5473333333333333,1.9715563125080533,1.8872658411661785,0.08429046645243135,0.0,16.48446332083808,0.0,1.1519965264532301,0.53,2.017578661441803,1.9388277232646942,0.07875091768801212,0.0,16.489032745361328,0.0,1.1196120977401733
baseline,0,15,0.0,0.0,0.0,1.0,0.5445555555555556,1.9795085688432057,1.8954638706313238,0.08404469241698583,0.0,16.486889574262833,0.0,1.1651475694444444,0.545,2.0090898275375366,1.9319493770599365,0.07714050449430943,0.0,16.490845680236816,0.0,1.140625
baseline,0,16,0.0,0.0,0.0,1.0,0.5463333333333333,1.9677366183863745,1.883286671506034,0.08444995986711648,0.0,16.48427364561293,0.0,1.1503255201710596,0.534,2.005700707435608,1.926457017660141,0.07924368046224117,0.0,16.50293779373169,0.0,1.1345635652542114
baseline,0,17,0.0,0.0,0.0,1.0,0.55,1.9691923128234015,1.880871017773946,0.08832129380769199,0.0,16.4936662779914,0.0,1.1528428792953491,0.541,2.0139750838279724,1.9307343661785126,0.08324075117707253,0.0,16.495509147644043,0.0,1.1425781548023224
baseline,0,18,0.0,0.0,0.0,1.0,0.5501111111111111,1.961875276433097,1.8745125896400876,0.08736269232920474,0.0,16.49317725499471,0.0,1.1573567688465118,0.534,2.016176849603653,1.93598473072052,0.08019213005900383,0.0,16.496912956237793,0.0,1.1495151221752167
baseline,0,19,0.0,0.0,0.0,1.0,0.5451111111111111,1.9577410022417705,1.873104797469245,0.08463621237832639,0.0,16.49050262239244,0.0,1.1584635376930237,0.54,1.982184648513794,1.905112862586975,0.07707177381962538,0.0,16.494457721710205,0.0,1.1523437798023224
baseline,0,20,0.0,0.0,0.0,1.0,0.5535555555555556,1.9500004880958133,1.8656420674588945,0.08435842130954067,0.0,16.49122428894043,0.0,1.1669704847865634,0.534,1.9960080087184906,1.9162002205848694,0.07980775274336338,0.0,16.4699068069458,0.0,1.1604593694210052
baseline,0,21,0.0,0.0,0.0,1.0,0.5472222222222223,1.9529747929837968,1.872188839647505,0.08078595416413413,0.0,16.486848884158665,0.0,1.2109157972865634,0.545,1.9984546601772308,1.9259447753429413,0.0725098755210638,0.0,16.501378059387207,0.0,1.2753906846046448
baseline,0,22,0.0,0.0,0.0,1.0,0.5466666666666666,1.956119994322459,1.8801304300626118,0.07598956441506743,0.0,16.49202060699463,0.0,1.312261290020413,0.551,2.011089652776718,1.9396470785140991,0.07144255191087723,0.0,16.499691009521484,0.0,1.5108432173728943
baseline,0,23,0.0,0.0,0.0,1.0,0.5573333333333333,1.9295086529519823,1.8607161939144135,0.06879246374592185,0.0,16.502654976314968,0.0,1.5161241326067183,0.547,1.9905304312705994,1.9172350466251373,0.07329539395868778,0.0,16.508098602294922,0.0,1.4740031957626343
baseline,0,24,0.0,0.0,0.0,1.0,0.5541111111111111,1.9500097466839685,1.8797588811980352,0.07025087045298682,0.0,16.503517892625595,0.0,1.4778428806198969,0.546,2.005316138267517,1.9301925897598267,0.07512356713414192,0.0,16.486701488494873,0.0,1.4880792200565338
baseline,0,25,0.0,0.0,0.0,1.0,0.5525555555555556,1.9360633194446564,1.864457858933343,0.07160544861108065,0.0,16.505457189348007,0.0,1.503949652115504,0.542,2.02828910946846,1.9561069309711456,0.07218218594789505,0.0,16.51378345489502,0.0,1.5308795869350433
baseline,0,26,0.0,0.0,0.0,1.0,0.5566666666666666,1.9252033465438418,1.858681983417935,0.06652137300827438,0.0,16.50242371029324,0.0,1.5089192688465118,0.526,1.9977638721466064,1.9266960322856903,0.07106784544885159,0.0,16.498812675476074,0.0,1.5717268288135529
baseline,0,27,0.0,0.0,0.0,1.0,0.5536666666666666,1.9307567808363173,1.8620158963733249,0.06874090060591698,0.0,16.50471904542711,0.0,1.4807725681198969,0.549,2.002802610397339,1.9318109452724457,0.07099167257547379,0.0,16.50652837753296,0.0,1.5101697146892548
baseline,0,28,0.0,0.0,0.0,1.0,0.5556666666666666,1.9316670927736495,1.8666040334436629,0.06506306189112365,0.0,16.5070514149136,0.0,1.5296440952354007,0.54,2.0326166450977325,1.9571820199489594,0.07543460372835398,0.0,16.499513626098633,0.0,1.5683930814266205
baseline,0,29,0.0,0.0,0.0,1.0,0.5561111111111111,1.931611590915256,1.8599657283888922,0.07164587644446227,0.0,16.49522262149387,0.0,1.5562500026490953,0.536,2.0021607875823975,1.9275688230991364,0.07459194865077734,0.0,16.50729465484619,0.0,1.5064655244350433
baseline,0,30,0.0,0.0,0.0,1.0,0.5533333333333333,1.9319722486866846,1.8605503704812791,0.07142188322419922,0.0,16.511197090148926,0.0,1.4818142387602065,0.542,2.0001350939273834,1.9254107177257538,0.07472437620162964,0.0,16.522728443145752,0.0,1.430630385875702
baseline,0,31,0.0,0.0,0.0,1.0,0.5547777777777778,1.9169631467925177,1.8508891661961873,0.0660739836231288,0.0,16.510268476274277,0.0,1.5001953111754522,0.553,2.018511086702347,1.9508209526538849,0.06769012752920389,0.0,16.50917148590088,0.0,1.5820985734462738
baseline,0,32,0.0,0.0,0.0,1.0,0.5554444444444444,1.9257355365488265,1.8625065849887,0.06322895280188984,0.0,16.502031326293945,0.0,1.5491319431198969,0.539,1.985719084739685,1.9201116561889648,0.06560743693262339,0.0,16.504265785217285,0.0,1.5754310190677643
baseline,0,33,0.0,0.0,0.0,1.0,0.5581111111111111,1.925189905696445,1.8612853719128504,0.06390453572385013,0.0,16.50131787194146,0.0,1.5395399298932817,0.541,1.9915647506713867,1.9225812554359436,0.06898351106792688,0.0,16.497846126556396,0.0,1.5759361386299133
baseline,0,34,0.0,0.0,0.0,1.0,0.5536666666666666,1.9321286082267761,1.867623703347312,0.0645049059142669,0.0,16.505238850911457,0.0,1.5700737867090437,0.528,1.9873350262641907,1.9186957478523254,0.06863923743367195,0.0,16.499599933624268,0.0,1.5757341086864471
baseline,0,35,0.0,0.0,0.0,1.0,0.5603333333333333,1.9170726769500308,1.8442541162172954,0.07281856187101868,0.0,16.506579664018417,0.0,1.5222439269224803,0.551,1.9934370517730713,1.9183408319950104,0.07509627658873796,0.0,16.506333351135254,0.0,1.4913119673728943
baseline,0,36,0.0,0.0,0.0,1.0,0.5578888888888889,1.9236596094237433,1.8567255073123508,0.06693410169747141,0.0,16.4963125122918,0.0,1.503862847884496,0.527,1.9757957756519318,1.9083117842674255,0.06748395971953869,0.0,16.492149829864502,0.0,1.5252222120761871
baseline,0,37,0.0,0.0,0.0,1.0,0.5596666666666666,1.9191617435879178,1.854302638106876,0.06485910641236438,0.0,16.498679637908936,0.0,1.5382812453640833,0.556,2.012887477874756,1.9430045783519745,0.06988288089632988,0.0,16.50824546813965,0.0,1.54700967669487
baseline,0,38,0.0,0.0,0.0,1.0,0.5557777777777778,1.9256739815076191,1.8597793678442638,0.06589460134920147,0.0,16.501385582817925,0.0,1.5168836845291986,0.541,2.0028586983680725,1.935142457485199,0.06771628279238939,0.0,16.498207092285156,0.0,1.5221915543079376
baseline,0,39,0.0,0.0,0.0,1.0,0.5591111111111111,1.9167116781075795,1.8529723982016246,0.06373926924748553,0.0,16.504032611846924,0.0,1.5356119804912143,0.545,1.9802055358886719,1.913040429353714,0.06716506741940975,0.0,16.506400108337402,0.0,1.5342133343219757
baseline,0,40,0.0,0.0,0.0,1.0,0.5586666666666666,1.916093842850791,1.8529198235935636,0.06317401485931542,0.0,16.506380981869167,0.0,1.5403645833333333,0.539,1.9891364574432373,1.9201461374759674,0.06899029947817326,0.0,16.499374389648438,0.0,1.5419248640537262
baseline,0,41,0.0,0.0,0.0,1.0,0.5565555555555556,1.9178612000412412,1.8528630534807842,0.06499814945790502,0.0,16.498817920684814,0.0,1.548697915342119,0.545,1.9986780285835266,1.9311004281044006,0.06757764797657728,0.0,16.501730918884277,0.0,1.557280421257019
baseline,0,42,0.0,0.0,0.0,1.0,0.5593333333333333,1.917912420299318,1.8526143630345662,0.06529804583018024,0.0,16.505867057376438,0.0,1.5514105922645993,0.544,2.018758624792099,1.9490653276443481,0.06969328317791224,0.0,16.493330001831055,0.0,1.576542317867279
baseline,0,43,0.0,0.0,0.0,1.0,0.5626666666666666,1.9170644647545285,1.8538875381151836,0.06317693036463526,0.0,16.49943669637044,0.0,1.574544267521964,0.533,1.9886325299739838,1.9167789816856384,0.07185352127999067,0.0,16.494657039642334,0.0,1.607893317937851
baseline,0,44,0.0,0.0,0.0,1.0,0.5595555555555556,1.9100217388735876,1.8449863360987768,0.0650354019469685,0.0,16.50773016611735,0.0,1.5562065972222223,0.541,2.0262665450572968,1.9591543078422546,0.06711223814636469,0.0,16.519779205322266,0.0,1.533236801624298
baseline,0,45,0.0,0.0,0.0,1.0,0.5554444444444444,1.9216961065928142,1.8550529314412012,0.06664318156739076,0.0,16.50675853093465,0.0,1.5240234401490953,0.537,2.0178309082984924,1.947434514760971,0.07039641123265028,0.0,16.50113582611084,0.0,1.5442820489406586
baseline,0,46,0.0,0.0,0.0,1.0,0.5604444444444444,1.9122173455026414,1.8488238884343042,0.06339346821833816,0.0,16.508672025468613,0.0,1.5354383687178295,0.548,2.0016874074935913,1.9348782300949097,0.06680915970355272,0.0,16.521190643310547,0.0,1.526602953672409
baseline,0,47,0.0,0.0,0.0,1.0,0.5602222222222222,1.9172184103065066,1.8513304094473522,0.06588800261831945,0.0,16.50966003206041,0.0,1.5489149259196386,0.538,1.9877229928970337,1.9193356037139893,0.06838739849627018,0.0,16.503164768218994,0.0,1.5294315814971924
baseline,0,48,0.0,0.0,0.0,1.0,0.5583333333333333,1.922611716720793,1.8573206563790639,0.06529106903407308,0.0,16.509419918060303,0.0,1.5199001729488373,0.535,2.0218677520751953,1.951971173286438,0.06989656016230583,0.0,16.509888172149658,0.0,1.5395002663135529
baseline,0,49,0.0,0.0,0.0,1.0,0.5554444444444444,1.9078651600413852,1.8418395585483975,0.06602560490783718,0.0,16.51480558183458,0.0,1.5479600694444444,0.538,2.012082725763321,1.9397617280483246,0.07232101261615753,0.0,16.51748561859131,0.0,1.5443830788135529
baseline,0,50,0.0,0.0,0.0,1.0,0.5584444444444444,1.9105673796600766,1.8478532863987818,0.06271409359760582,0.0,16.51530016793145,0.0,1.5497612820731268,0.545,1.9899139404296875,1.9151558578014374,0.07475809566676617,0.0,16.50855255126953,0.0,1.5460331439971924
uncertainty_cost_lambda_c_0.01,0,1,0.0,0.01,0.0,1.0,0.3368888888888889,2.738264044125875,2.432299849059847,0.14377737935218546,0.16218683910038736,16.21868430243598,0.0,1.2118055538998709,0.462,2.359546184539795,2.0762526988983154,0.12116256169974804,0.1621309071779251,16.213090896606445,0.0,0.9999999850988388
uncertainty_cost_lambda_c_0.01,0,2,0.0,0.01,0.0,1.0,0.47855555555555557,2.329763697253333,2.048209604289797,0.11935500179727872,0.16219909406370586,16.219909773932564,0.0,1.0,0.489,2.3087044954299927,2.0278079509735107,0.11905408650636673,0.16184242442250252,16.184242725372314,0.0,1.0
uncertainty_cost_lambda_c_0.01,0,3,0.0,0.01,0.0,1.0,0.49644444444444447,2.2858101858033075,2.0050569905175104,0.118924036829008,0.16182915452453825,16.18291579352485,0.0,1.0,0.496,2.291864037513733,2.011736571788788,0.11853061988949776,0.1615968830883503,16.159688472747803,0.0,1.0
uncertainty_cost_lambda_c_0.01,0,4,0.0,0.01,0.0,1.0,0.5077777777777778,2.2538114852375455,1.9857945475313399,0.10607188215686215,0.1619450089832147,16.19450134701199,0.0,1.064366317457623,0.531,2.211716115474701,1.9668822884559631,0.08289036154747009,0.1619434542953968,16.194345951080322,0.0,1.1146282255649567
uncertainty_cost_lambda_c_0.01,0,5,0.0,0.01,0.0,1.0,0.5241111111111111,2.219029323922263,1.9568806886672974,0.10039289274977313,0.1617557613386048,16.175576474931503,0.0,1.1940538154708014,0.541,2.1584526896476746,1.9198875427246094,0.07666652370244265,0.161898635327816,16.189863681793213,0.0,1.21470907330513
uncertainty_cost_lambda_c_0.01,0,6,0.0,0.01,0.0,1.0,0.5298888888888889,2.191043582227495,1.937704258494907,0.09134233660168117,0.16199697429935137,16.199697812398274,0.0,1.2972873250643413,0.537,2.164933502674103,1.9352961778640747,0.0677186967805028,0.16191864758729935,16.19186496734619,0.0,1.4268588721752167
uncertainty_cost_lambda_c_0.01,0,7,0.0,0.01,0.0,1.0,0.5361111111111111,2.192312515444226,1.9460044039620294,0.08432262039019002,0.16198548591799206,16.19854884677463,0.0,1.3575737840599484,0.536,2.1450876593589783,1.9173552989959717,0.0657681580632925,0.16196424514055252,16.196424961090088,0.0,1.3485991656780243
uncertainty_cost_lambda_c_0.01,0,8,0.0,0.01,0.0,1.0,0.5372222222222223,2.1585445205370584,1.9203567372428045,0.07626159799595673,0.16192620992660522,16.19262128406101,0.0,1.3767144050863054,0.534,2.1396148204803467,1.915575921535492,0.06199647858738899,0.16204245388507843,16.204246044158936,0.0,1.371565192937851
uncertainty_cost_lambda_c_0.01,0,9,0.0,0.01,0.0,1.0,0.5424444444444444,2.152693748474121,1.912447088294559,0.07826261512107319,0.1619840500255426,16.198405318790012,0.0,1.3513454861111112,0.536,2.1715484261512756,1.9435867965221405,0.06598466914147139,0.16197701171040535,16.197701454162598,0.0,1.3765490353107452
uncertainty_cost_lambda_c_0.01,0,10,0.0,0.01,0.0,1.0,0.5377777777777778,2.134259194135666,1.896402017937766,0.07584155671712425,0.16201560240652826,16.201560656229656,0.0,1.3772135376930237,0.546,2.143167734146118,1.9131803214550018,0.06800632737576962,0.16198104992508888,16.198105335235596,0.0,1.3545595407485962
uncertainty_cost_lambda_c_0.01,0,11,0.0,0.01,0.0,1.0,0.5416666666666666,2.137501004669401,1.897798862722185,0.07780305410010947,0.16189910471439362,16.189910941653782,0.0,1.3501519064108531,0.541,2.1424479484558105,1.9145568311214447,0.06584516260772943,0.16204596683382988,16.204596996307373,0.0,1.377424567937851
uncertainty_cost_lambda_c_0.01,0,12,0.0,0.01,0.0,1.0,0.5396666666666666,2.1384928458266788,1.8967219061321683,0.07983753281748956,0.16193341919117504,16.19334231482612,0.0,1.375455727179845,0.542,2.1407718658447266,1.916295051574707,0.06254294514656067,0.16193388774991035,16.193389415740967,0.0,1.4140625298023224
uncertainty_cost_lambda_c_0.01,0,13,0.0,0.01,0.0,1.0,0.5417777777777778,2.134389794535107,1.895908557706409,0.0765461355396029,0.1619350906047556,16.19350947274102,0.0,1.3840494751930237,0.535,2.2044151425361633,1.9804707169532776,0.06204785779118538,0.16189651563763618,16.18965196609497,0.0,1.3791756629943848
uncertainty_cost_lambda_c_0.01,0,14,0.0,0.01,0.0,1.0,0.5426666666666666,2.117008262210422,1.8806678387853835,0.07455080416467455,0.16178962174389097,16.178962601555718,0.0,1.4085503452354007,0.535,2.144342541694641,1.9205572009086609,0.06187684927135706,0.16190854460000992,16.190855026245117,0.0,1.3924770653247833
uncertainty_cost_lambda_c_0.01,0,15,0.0,0.01,0.0,1.0,0.5393333333333333,2.1233490142557354,1.8872099220752716,0.07429332808694905,0.16184573786126244,16.184574180179172,0.0,1.377408852179845,0.537,2.1249032020568848,1.9006603062152863,0.062342165037989616,0.16190075501799583,16.190075874328613,0.0,1.3772225379943848
uncertainty_cost_lambda_c_0.01,0,16,0.0,0.01,0.0,1.0,0.5451111111111111,2.1114846103721194,1.8741173148155212,0.07563892834716374,0.16172837341825166,16.17283778720432,0.0,1.3845052023728688,0.541,2.131248712539673,1.9042753279209137,0.06509167142212391,0.16188164800405502,16.188165187835693,0.0,1.3585668206214905
uncertainty_cost_lambda_c_0.01,0,17,0.0,0.01,0.0,1.0,0.5444444444444444,2.1105246014065213,1.8698143594794803,0.07892924676545793,0.16178099438548088,16.178099738226997,0.0,1.4026692708333333,0.539,2.140689969062805,1.902394324541092,0.07641264144331217,0.16188295930624008,16.1882963180542,0.0,1.4400592744350433
uncertainty_cost_lambda_c_0.01,0,18,0.0,0.01,0.0,1.0,0.5448888888888889,2.117687933974796,1.8791018393304613,0.07675140278620853,0.1618347010678715,16.183470461103653,0.0,1.3740451402134366,0.542,2.1373640298843384,1.9127334654331207,0.06283587124198675,0.1617947220802307,16.17947244644165,0.0,1.34752157330513
uncertainty_cost_lambda_c_0.01,0,19,0.0,0.01,0.0,1.0,0.5435555555555556,2.108603063556883,1.8710052073001862,0.07581288274377584,0.1617849717537562,16.178497526380752,0.0,1.379622393184238,0.544,2.1052648425102234,1.8783977329730988,0.06497248448431492,0.16189462691545486,16.189462661743164,0.0,1.350350260734558
uncertainty_cost_lambda_c_0.01,0,20,0.0,0.01,0.0,1.0,0.5512222222222222,2.099221305714713,1.8607752952310774,0.07665040043907033,0.16179563187890583,16.179563522338867,0.0,1.3666232592529721,0.543,2.129155695438385,1.9019699096679688,0.06556636933237314,0.16161936149001122,16.161936283111572,0.0,1.3762459456920624
uncertainty_cost_lambda_c_0.01,0,21,0.0,0.01,0.0,1.0,0.5474444444444444,2.1127686931027307,1.8762115240097046,0.07473386332599653,0.16182328967584503,16.182329336802166,0.0,1.3679253492090437,0.538,2.133840024471283,1.9053111970424652,0.06661445647478104,0.1619143895804882,16.191439628601074,0.0,1.4231546223163605
uncertainty_cost_lambda_c_0.01,0,22,0.0,0.01,0.0,1.0,0.5412222222222223,2.1072869300842285,1.871181610557768,0.0743509829044342,0.16175432668791878,16.175433052910698,0.0,1.3967881931198969,0.541,2.125519275665283,1.9003747403621674,0.06333849020302296,0.1618061438202858,16.180614948272705,0.0,1.3604189157485962
uncertainty_cost_lambda_c_0.01,0,23,0.0,0.01,0.0,1.0,0.5488888888888889,2.0983094142542944,1.862868759367201,0.073748965592434,0.16169169752134216,16.169170061747234,0.0,1.3769097195731268,0.546,2.1351932287216187,1.907818615436554,0.0658194376155734,0.16155508533120155,16.155508995056152,0.0,1.3962823152542114
uncertainty_cost_lambda_c_0.01,0,24,0.0,0.01,0.0,1.0,0.5486666666666666,2.1176645954449973,1.878958738512463,0.07707759329221314,0.16162828190459144,16.162828551398384,0.0,1.3600260416666667,0.542,2.1660653352737427,1.9396384954452515,0.06492306664586067,0.16150375828146935,16.150376319885254,0.0,1.356209635734558
uncertainty_cost_lambda_c_0.01,0,25,0.0,0.01,0.0,1.0,0.5488888888888889,2.1063068509101868,1.8668782909711201,0.07783572593082984,0.16159285232424736,16.159285651312935,0.0,1.3868272569444444,0.553,2.137619912624359,1.9091840386390686,0.06705024652183056,0.1613856516778469,16.13856554031372,0.0,1.3953057825565338
uncertainty_cost_lambda_c_0.01,0,26,0.0,0.01,0.0,1.0,0.5544444444444444,2.0878759258323245,1.8527084721459284,0.07361429893515176,0.1615531411435869,16.15531455145942,0.0,1.3696397542953491,0.539,2.1398614048957825,1.9164471328258514,0.061912271194159985,0.16150202229619026,16.150202751159668,0.0,1.353481948375702
uncertainty_cost_lambda_c_0.01,0,27,0.0,0.01,0.0,1.0,0.5585555555555556,2.0966219007968903,1.8583434555265639,0.07668643879393737,0.16159203317430285,16.15920352935791,0.0,1.3446614576710596,0.55,2.129002094268799,1.9047412276268005,0.06281730066984892,0.16144365817308426,16.14436626434326,0.0,1.3935547173023224
uncertainty_cost_lambda_c_0.01,0,28,0.0,0.01,0.0,1.0,0.5584444444444444,2.0939776400725045,1.8582996957831912,0.07412097194335526,0.16155697074201372,16.155697451697456,0.0,1.384374996026357,0.555,2.1204274892807007,1.8921794891357422,0.06681025307625532,0.16143779084086418,16.143779277801514,0.0,1.3386314511299133
uncertainty_cost_lambda_c_0.01,0,29,0.0,0.01,0.0,1.0,0.5596666666666666,2.089493582646052,1.8485058579179976,0.0795001554199391,0.16148754954338074,16.148755338456894,0.0,1.3419487840599484,0.557,2.138159394264221,1.906414657831192,0.07010596618056297,0.1616387777030468,16.163877964019775,0.0,1.361698567867279
uncertainty_cost_lambda_c_0.01,0,30,0.0,0.01,0.0,1.0,0.5588888888888889,2.0820654531319938,1.8402468197875552,0.08029478757331769,0.1615238624314467,16.152386559380425,0.0,1.3511067695087857,0.547,2.133957326412201,1.9071288406848907,0.06517438311129808,0.16165415942668915,16.16541624069214,0.0,1.3952047526836395
uncertainty_cost_lambda_c_0.01,0,31,0.0,0.01,0.0,1.0,0.5575555555555556,2.0824722945690155,1.8454864025115967,0.07540666958731082,0.16157921072509554,16.157921420203316,0.0,1.3695529500643413,0.549,2.1296462416648865,1.9007943868637085,0.06715317908674479,0.16169863939285278,16.169864177703857,0.0,1.380354255437851
uncertainty_cost_lambda_c_0.01,0,32,0.0,0.01,0.0,1.0,0.561,2.0856471591525607,1.8489883210923936,0.07511886695606841,0.161539972656303,16.15399758021037,0.0,1.373806420299742,0.546,2.128913938999176,1.898893654346466,0.06856855005025864,0.16145170852541924,16.14517116546631,0.0,1.338530421257019
uncertainty_cost_lambda_c_0.01,0,33,0.0,0.01,0.0,1.0,0.5601111111111111,2.0876563787460327,1.8519092897574108,0.07422354907935692,0.1615235267413987,16.15235291586982,0.0,1.342730035384496,0.55,2.142249882221222,1.9111594557762146,0.06946257688105106,0.1616279073059559,16.16279125213623,0.0,1.3558391630649567
uncertainty_cost_lambda_c_0.01,0,34,0.0,0.01,0.0,1.0,0.5608888888888889,2.0993583069907293,1.8620385660065546,0.075861185685628,0.1614585638874107,16.145856857299805,0.0,1.3457248244020674,0.547,2.1562828421592712,1.9224900007247925,0.07189568970352411,0.1618972271680832,16.189723014831543,0.0,1.3616985380649567
uncertainty_cost_lambda_c_0.01,0,35,0.0,0.01,0.0,1.0,0.5605555555555556,2.0783169633812375,1.8350192374653287,0.08167816093191504,0.16161956224176618,16.161956628163654,0.0,1.3613064255979326,0.553,2.1335211396217346,1.9026601314544678,0.06915738433599472,0.1617036536335945,16.170365810394287,0.0,1.3547616004943848
uncertainty_cost_lambda_c_0.01,0,36,0.0,0.01,0.0,1.0,0.5574444444444444,2.098858051829868,1.858312941259808,0.07908736386646827,0.16145774142609703,16.145774417453342,0.0,1.3537109361754522,0.543,2.1280903816223145,1.897575706243515,0.06909872964024544,0.1614159271121025,16.14159345626831,0.0,1.3667834103107452
uncertainty_cost_lambda_c_0.01,0,37,0.0,0.01,0.0,1.0,0.5645555555555556,2.079745888710022,1.841440972354677,0.076803225506511,0.1615016907453537,16.150169478522407,0.0,1.355251732799742,0.551,2.143004536628723,1.905765175819397,0.07554964162409306,0.1616896614432335,16.16896677017212,0.0,1.3607219755649567
uncertainty_cost_lambda_c_0.01,0,38,0.0,0.01,0.0,1.0,0.5603333333333333,2.085983028014501,1.8473819262451596,0.07711089842228426,0.1614901932577292,16.149019718170166,0.0,1.3569444451067183,0.547,2.1513518691062927,1.9244331419467926,0.06550488341599703,0.1614137701690197,16.141377449035645,0.0,1.3607219457626343
uncertainty_cost_lambda_c_0.01,0,39,0.0,0.01,0.0,1.0,0.5634444444444444,2.0834373831748962,1.8474666343794928,0.07444944902737108,0.1615213072962231,16.152131027645535,0.0,1.3576171894868214,0.555,2.126567780971527,1.895905315876007,0.06936481222510338,0.16129761189222336,16.129761695861816,0.0,1.362776130437851
uncertainty_cost_lambda_c_0.01,0,40,0.0,0.01,0.0,1.0,0.5653333333333334,2.0742501583364277,1.839090449942483,0.07366532697859737,0.16149438131186697,16.149438434176975,0.0,1.3651692668596904,0.55,2.162814676761627,1.9341611862182617,0.06701444648206234,0.16163905709981918,16.16390609741211,0.0,1.360722005367279
uncertainty_cost_lambda_c_0.01,0,41,0.0,0.01,0.0,1.0,0.5582222222222222,2.083873063325882,1.845019794172711,0.07734417291875514,0.16150910448696879,16.150910748375786,0.0,1.3615017301506467,0.549,2.1215264797210693,1.8901481330394745,0.07009042892605066,0.16128791868686676,16.12879228591919,0.0,1.3616985380649567
uncertainty_cost_lambda_c_0.01,0,42,0.0,0.01,0.0,1.0,0.5618888888888889,2.0826274355252585,1.8464384178320568,0.07476214309119517,0.16142688029342228,16.142688327365452,0.0,1.356792539358139,0.553,2.134090304374695,1.9034814238548279,0.06894971895962954,0.1616591401398182,16.16591453552246,0.0,1.356815755367279
uncertainty_cost_lambda_c_0.01,0,43,0.0,0.01,0.0,1.0,0.5625555555555556,2.0737626320785947,1.838209433688058,0.07405117386952043,0.16150203802519375,16.150204181671143,0.0,1.3632812433772616,0.558,2.1280113458633423,1.8961462378501892,0.07055056095123291,0.16131451725959778,16.131452083587646,0.0,1.3977640271186829
uncertainty_cost_lambda_c_0.01,0,44,0.0,0.01,0.0,1.0,0.5627777777777778,2.074144916401969,1.8366888496610854,0.07599816254029672,0.1614579272766908,16.14579306708442,0.0,1.3621527751286824,0.55,2.166881263256073,1.9321731328964233,0.07306217029690742,0.16164593026041985,16.16459369659424,0.0,1.3568156957626343
uncertainty_cost_lambda_c_0.01,0,45,0.0,0.01,0.0,1.0,0.5604444444444444,2.09414741396904,1.8550488154093425,0.07763653015717864,0.1614620606932375,16.14620648490058,0.0,1.3639322850439284,0.552,2.1325432658195496,1.9009911715984344,0.06993503775447607,0.16161702573299408,16.16170310974121,0.0,1.3616985976696014
uncertainty_cost_lambda_c_0.01,0,46,0.0,0.01,0.0,1.0,0.5632222222222222,2.082393851545122,1.8469859427875943,0.07403252175491717,0.1613753909866015,16.137539439731174,0.0,1.3600043389532301,0.546,2.137000560760498,1.9026292562484741,0.07311112433671951,0.16126012429594994,16.126012802124023,0.0,1.355940192937851
uncertainty_cost_lambda_c_0.01,0,47,0.0,0.01,0.0,1.0,0.5583333333333333,2.083151946465174,1.8458580076694489,0.07588523910898301,0.16140870253245035,16.140870730082195,0.0,1.356966147820155,0.547,2.1533870697021484,1.9241028130054474,0.0676819970831275,0.1616021767258644,16.160217761993408,0.0,1.3597454130649567
uncertainty_cost_lambda_c_0.01,0,48,0.0,0.01,0.0,1.0,0.5607777777777778,2.0863864024480185,1.8480284810066223,0.07687887109609114,0.16147905381189454,16.147905667622883,0.0,1.3642795152134366,0.546,2.140214204788208,1.9089831709861755,0.06987560074776411,0.16135548427700996,16.13554859161377,0.0,1.380859375
uncertainty_cost_lambda_c_0.01,0,49,0.0,0.01,0.0,1.0,0.5636666666666666,2.081518676545885,1.8424993852774303,0.07756913577516873,0.16145014266173044,16.145014762878418,0.0,1.3513671888245478,0.544,2.149212062358856,1.911748230457306,0.07622109539806843,0.16124267131090164,16.124267578125,0.0,1.357893317937851
uncertainty_cost_lambda_c_0.01,0,50,0.0,0.01,0.0,1.0,0.5601111111111111,2.0792505343755088,1.8439273238182068,0.07385464949119422,0.16146857457028496,16.146857844458687,0.0,1.3508897589312658,0.546,2.159610331058502,1.922234833240509,0.07579386793076992,0.16158169507980347,16.158169746398926,0.0,1.354862630367279
uncertainty_cost_lambda_c_0.03,0,1,0.0,0.03,0.0,1.0,0.3438888888888889,3.080772830380334,2.4459506471951804,0.15217597285906473,0.48264619873629677,16.08820692698161,0.0,1.3063151041666667,0.441,2.73237407207489,2.1157339215278625,0.1337966751307249,0.4828435033559799,16.094783782958984,0.0,1.0
uncertainty_cost_lambda_c_0.03,0,2,0.0,0.03,0.0,1.0,0.4557777777777778,2.6746183037757874,2.0784858432081013,0.1130883871163759,0.4830440572566456,16.101468986935085,0.0,1.0952039923932817,0.453,2.6263591051101685,2.0589607059955597,0.08462745323777199,0.48277096450328827,16.092365741729736,0.0,1.244511067867279
uncertainty_cost_lambda_c_0.03,0,3,0.0,0.03,0.0,1.0,0.467,2.6202774577670627,2.0404002832041845,0.09693802634461059,0.4829391638437907,16.097972446017796,0.0,1.1604166660043929,0.467,2.6157084703445435,2.055642992258072,0.07701327465474606,0.48305220901966095,16.10174036026001,0.0,1.1983768939971924
uncertainty_cost_lambda_c_0.03,0,4,0.0,0.03,0.0,1.0,0.4852222222222222,2.5921290583080716,2.016882879866494,0.09212498780753878,0.4831211782164044,16.10403961605496,0.0,1.284049477842119,0.49,2.5826461911201477,2.0205996334552765,0.079196248203516,0.4828503727912903,16.095012664794922,0.0,1.099003255367279
uncertainty_cost_lambda_c_0.03,0,5,0.0,0.03,0.0,1.0,0.4861111111111111,2.5711814959843955,1.9954399234718747,0.09292978684728344,0.4828117738167445,16.093726211123997,0.0,1.1927951375643413,0.465,2.5421465039253235,1.992711216211319,0.06612064968794584,0.4833146780729294,16.11048984527588,0.0,1.3610924184322357
uncertainty_cost_lambda_c_0.03,0,6,0.0,0.03,0.0,1.0,0.495,2.543280634615156,1.9721146557066176,0.0881154044634766,0.4830505847930908,16.101686477661133,0.0,1.3618489570087857,0.5,2.586484968662262,2.037578284740448,0.06541591137647629,0.48349079489707947,16.116360187530518,0.0,1.3143857717514038
uncertainty_cost_lambda_c_0.03,0,7,0.0,0.03,0.0,1.0,0.51,2.5499507188796997,1.9840924243132274,0.08299100000618233,0.4828672889206145,16.09557671017117,0.0,1.3940321173932817,0.51,2.5190255641937256,1.9716911315917969,0.06391631532460451,0.4834180548787117,16.113935470581055,0.0,1.5012796521186829
uncertainty_cost_lambda_c_0.03,0,8,0.0,0.03,0.0,1.0,0.5106666666666667,2.521846446726057,1.960392908917533,0.07853717926061815,0.48291634933816063,16.097212049696182,0.0,1.4282118015819125,0.515,2.527348220348358,1.9819579720497131,0.06292680837213993,0.48246345669031143,16.082115650177002,0.0,1.5191608369350433
uncertainty_cost_lambda_c_0.03,0,9,0.0,0.03,0.0,1.0,0.5148888888888888,2.514046198791928,1.9524565670225356,0.07877632520265049,0.4828133425778813,16.09377845128377,0.0,1.4094618029064603,0.512,2.5553483366966248,2.009007453918457,0.0644016657024622,0.4819391891360283,16.064640045166016,0.0,1.493635505437851
uncertainty_cost_lambda_c_0.03,0,10,0.0,0.03,0.0,1.0,0.5147777777777778,2.4848177631696067,1.9255894356303744,0.0770237021562126,0.4822046326266395,16.07348812950982,0.0,1.6995008687178295,0.507,2.517351269721985,1.9704464673995972,0.06370645947754383,0.4831983223557472,16.106611251831055,0.0,1.6742658615112305
uncertainty_cost_lambda_c_0.03,0,11,0.0,0.03,0.0,1.0,0.5173333333333333,2.492777254846361,1.933097372452418,0.07748975320201781,0.4821901222070058,16.073004457685684,0.0,1.6288411418596904,0.511,2.5040414333343506,1.9527973234653473,0.06842417549341917,0.4828198775649071,16.093996047973633,0.0,1.772966057062149
uncertainty_cost_lambda_c_0.03,0,12,0.0,0.03,0.0,1.0,0.5091111111111111,2.5022031135029263,1.939024630520079,0.08125885317309035,0.48191963136196136,16.06398804982503,0.0,1.7452690965599484,0.506,2.515362501144409,1.969762146472931,0.06305536814033985,0.4825449660420418,16.084832668304443,0.0,1.4786840081214905
uncertainty_cost_lambda_c_0.03,0,13,0.0,0.03,0.0,1.0,0.5141111111111111,2.4864427977138095,1.9259925054179297,0.07903663829589884,0.48141364090972477,16.04712178972032,0.0,1.760611977842119,0.513,2.489744782447815,1.9463646411895752,0.06205226480960846,0.48132797330617905,16.04426622390747,0.0,1.8367793262004852
uncertainty_cost_lambda_c_0.03,0,14,0.0,0.03,0.0,1.0,0.5144444444444445,2.474697358078427,1.9154782427681818,0.07838152659436066,0.48083755291170543,16.027918842103745,0.0,1.9494140677981906,0.499,2.501414954662323,1.9572263360023499,0.0635675573721528,0.48062100261449814,16.020700454711914,0.0,1.9923895001411438
uncertainty_cost_lambda_c_0.03,0,15,0.0,0.03,0.0,1.0,0.5101111111111111,2.4825995564460754,1.923160238398446,0.07825986440810892,0.48117944680982166,16.039315276675755,0.0,1.9204210076067183,0.503,2.510640859603882,1.9668558537960052,0.0616002781316638,0.48218468576669693,16.07282304763794,0.0,1.951508641242981
uncertainty_cost_lambda_c_0.03,0,16,0.0,0.03,0.0,1.0,0.521,2.4677183628082275,1.9082496166229248,0.07868940196931362,0.48077935559882057,16.02597885661655,0.0,1.962087677584754,0.504,2.5134907364845276,1.9650331139564514,0.06743644922971725,0.48102106153964996,16.034035682678223,0.0,1.9989223778247833
uncertainty_cost_lambda_c_0.03,0,17,0.0,0.03,0.0,1.0,0.5205555555555555,2.472193512651655,1.9095638891061146,0.08169531496241689,0.4809343011842834,16.031143718295628,0.0,1.9480468763245478,0.504,2.5083999037742615,1.9586412906646729,0.06779015529900789,0.48196838796138763,16.065613269805908,0.0,2.0122912228107452
uncertainty_cost_lambda_c_0.03,0,18,0.0,0.03,0.0,1.0,0.519,2.473040911886427,1.9138468007246654,0.07826756634232071,0.4809265368514591,16.030884981155396,0.0,1.948285589615504,0.505,2.516920506954193,1.966068834066391,0.07030916400253773,0.48054254800081253,16.018085479736328,0.0,1.8978649973869324
uncertainty_cost_lambda_c_0.03,0,19,0.0,0.03,0.0,1.0,0.5136666666666667,2.4695634047190347,1.9102475080225203,0.07884515066527659,0.48047074841128457,16.015691995620728,0.0,2.0945312480131784,0.51,2.4862964749336243,1.9376432001590729,0.06852360162883997,0.4801296591758728,16.00432252883911,0.0,2.059907078742981
uncertainty_cost_lambda_c_0.03,0,20,0.0,0.03,0.0,1.0,0.5236666666666666,2.4547649555736117,1.8943898975849152,0.07997641195025709,0.48039864997069043,16.013288656870525,0.0,2.009353299935659,0.49,2.5097907185554504,1.9648932218551636,0.06394862476736307,0.48094895482063293,16.03163194656372,0.0,2.0200363397598267
uncertainty_cost_lambda_c_0.03,0,21,0.0,0.03,0.0,1.0,0.5192222222222223,2.4669936100641885,1.9089687863985698,0.0777724449419313,0.48025236361556584,16.008412467108833,0.0,2.089171005619897,0.517,2.5055545568466187,1.9597816169261932,0.06449665315449238,0.481276273727417,16.042542934417725,0.0,2.043002426624298
uncertainty_cost_lambda_c_0.03,0,22,0.0,0.03,0.0,1.0,0.5172222222222222,2.4735799034436545,1.915752609570821,0.07734118608964814,0.48048611316416,16.016204118728638,0.0,2.0822048584620156,0.515,2.508586049079895,1.9572583734989166,0.07118743192404509,0.48014023154973984,16.004674673080444,0.0,2.047211706638336
uncertainty_cost_lambda_c_0.03,0,23,0.0,0.03,0.0,1.0,0.5222222222222223,2.457713524500529,1.898080074124866,0.0795751506359213,0.48005829006433487,16.00194337632921,0.0,2.096549477842119,0.51,2.5063052773475647,1.9594779312610626,0.06684126053005457,0.47998612374067307,15.999537706375122,0.0,2.1349676847457886
uncertainty_cost_lambda_c_0.03,0,24,0.0,0.03,0.0,1.0,0.5205555555555555,2.474871728155348,1.9146852162149217,0.07993656712480718,0.48024997611840564,16.008332914776272,0.0,2.1032769083976746,0.515,2.510350286960602,1.9630248248577118,0.06725809816271067,0.4800673723220825,16.002245903015137,0.0,2.1122036576271057
uncertainty_cost_lambda_c_0.03,0,25,0.0,0.03,0.0,1.0,0.5173333333333333,2.461095644368066,1.9021284348434873,0.07893234491348267,0.48003485633267295,16.00116231706407,0.0,2.1185980902777777,0.513,2.4878312945365906,1.9408624768257141,0.0671683931723237,0.4798004999756813,15.993350505828857,0.0,2.134092152118683
uncertainty_cost_lambda_c_0.03,0,26,0.0,0.03,0.0,1.0,0.521,2.458849675125546,1.8999323083294763,0.07872328229455484,0.4801940893133481,16.00646988550822,0.0,2.1110677123069763,0.502,2.490696430206299,1.9458303451538086,0.06528412830084562,0.47958192974328995,15.986064434051514,0.0,2.235924005508423
uncertainty_cost_lambda_c_0.03,0,27,0.0,0.03,0.0,1.0,0.5188888888888888,2.465831677118937,1.9067907101578183,0.07905682952453692,0.47998414436976117,15.999471876356337,0.0,2.1249131891462536,0.511,2.4888856410980225,1.9446820318698883,0.06408656481653452,0.48011696338653564,16.003898859024048,0.0,2.059805989265442
uncertainty_cost_lambda_c_0.03,0,28,0.0,0.03,0.0,1.0,0.5217777777777778,2.4572333561049566,1.9004900852839153,0.07682493538595736,0.47991834249761367,15.997278398937649,0.0,2.119357638888889,0.508,2.5091896057128906,1.9655074775218964,0.06335926242172718,0.48032284528017044,16.010761737823486,0.0,2.0524986386299133
uncertainty_cost_lambda_c_0.03,0,29,0.0,0.03,0.0,1.0,0.5172222222222222,2.459545135498047,1.8983465731143951,0.08150477960912718,0.47969376626941895,15.989792532391018,0.0,2.1164496541023254,0.523,2.4980432391166687,1.951803833246231,0.06554050836712122,0.480698898434639,16.02329683303833,0.0,2.0524986386299133
uncertainty_cost_lambda_c_0.03,0,30,0.0,0.03,0.0,1.0,0.521,2.4516846736272178,1.8905604779720306,0.08137555027173625,0.4797486538688342,15.99162213007609,0.0,2.1574001709620156,0.512,2.510473072528839,1.9639804661273956,0.06625989079475403,0.48023273050785065,16.007757902145386,0.0,2.182953894138336
uncertainty_cost_lambda_c_0.03,0,31,0.0,0.03,0.0,1.0,0.5206666666666667,2.449674063258701,1.892050713300705,0.07778125199385816,0.47984210153420764,15.994737042321098,0.0,2.1154079834620156,0.512,2.5049946308135986,1.9600776135921478,0.06450421921908855,0.4804127514362335,16.013758659362793,0.0,2.1537243723869324
uncertainty_cost_lambda_c_0.03,0,32,0.0,0.03,0.0,1.0,0.5231111111111111,2.457222296131982,1.9007285204198625,0.076571483992868,0.4799222979280684,15.997410244411892,0.0,2.155837674935659,0.508,2.557496726512909,2.005644917488098,0.07197788543999195,0.4798738732933998,15.995796203613281,0.0,2.139277994632721
uncertainty_cost_lambda_c_0.03,0,33,0.0,0.03,0.0,1.0,0.5211111111111111,2.452033089266883,1.8957444959216647,0.07655477911854784,0.4797338189350234,15.991127649943033,0.0,2.1527560816870794,0.51,2.522213637828827,1.9760014712810516,0.06649629399180412,0.47971582412719727,15.990527629852295,0.0,2.2439385652542114
uncertainty_cost_lambda_c_0.03,0,34,0.0,0.03,0.0,1.0,0.5238888888888888,2.46496452887853,1.9079243971241846,0.07748554150263469,0.47955459356307983,15.98515354262458,0.0,2.2310546901490955,0.509,2.4905365705490112,1.9380845427513123,0.07325733080506325,0.4791947081685066,15.973157405853271,0.0,2.2648504972457886
uncertainty_cost_lambda_c_0.03,0,35,0.0,0.03,0.0,1.0,0.5263333333333333,2.4423051476478577,1.879702068037457,0.08271869065033065,0.4798843761285146,15.996146308051216,0.0,2.0854166679912143,0.516,2.4976117610931396,1.9489671289920807,0.06867325585335493,0.47997136414051056,15.999045610427856,0.0,1.9612068831920624
uncertainty_cost_lambda_c_0.03,0,36,0.0,0.03,0.0,1.0,0.5257777777777778,2.45834963189231,1.89801444278823,0.08079429757263926,0.4795408844947815,15.984696441226536,0.0,2.056293398141861,0.504,2.502686381340027,1.9555698335170746,0.06647299416363239,0.48064353317022324,16.021451473236084,0.0,1.9533943831920624
uncertainty_cost_lambda_c_0.03,0,37,0.0,0.03,0.0,1.0,0.5331111111111111,2.4432074560059442,1.8844684693548415,0.07870071003627446,0.480038287738959,16.00127657254537,0.0,1.9774088594648573,0.52,2.4958494901657104,1.945223480463028,0.07103012129664421,0.47959598898887634,15.986533641815186,0.0,2.1240234375
uncertainty_cost_lambda_c_0.03,0,38,0.0,0.03,0.0,1.0,0.5322222222222223,2.4403653740882874,1.8826958305305905,0.07815847732126713,0.4795110780331824,15.98370295100742,0.0,2.14166667064031,0.517,2.515221893787384,1.9685722291469574,0.06634954921901226,0.48030002415180206,16.010001182556152,0.0,1.9402950406074524
uncertainty_cost_lambda_c_0.03,0,39,0.0,0.03,0.0,1.0,0.5341111111111111,2.441219985485077,1.8858199914296467,0.07558368604319791,0.4798162703712781,15.993875953886244,0.0,2.0075303845935397,0.516,2.4950888752937317,1.9441229701042175,0.07076938636600971,0.4801965281367302,16.006551265716553,0.0,2.1231479048728943
uncertainty_cost_lambda_c_0.03,0,40,0.0,0.03,0.0,1.0,0.5353333333333333,2.432293997870551,1.8772112528483074,0.07537506427615881,0.4797076765033934,15.990256150563559,0.0,2.0759331617090435,0.524,2.4870744943618774,1.9408502280712128,0.06526574026793242,0.4809584766626358,16.031949520111084,0.0,1.9437297880649567
uncertainty_cost_lambda_c_0.03,0,41,0.0,0.03,0.0,1.0,0.5333333333333333,2.4419749908977084,1.882777151134279,0.07948238769960073,0.4797154838840167,15.990516503651937,0.0,2.125130209657881,0.516,2.4823654294013977,1.9330019354820251,0.07006965577602386,0.4792938232421875,15.976460933685303,0.0,2.1560816168785095
uncertainty_cost_lambda_c_0.03,0,42,0.0,0.03,0.0,1.0,0.5362222222222223,2.4380701780319214,1.8825414677460988,0.07586106254408757,0.47966766026284957,15.988922384050158,0.0,2.186024308204651,0.523,2.5227736830711365,1.97686168551445,0.06652279663830996,0.4793892726302147,15.979642629623413,0.0,2.2804754972457886
uncertainty_cost_lambda_c_0.03,0,43,0.0,0.03,0.0,1.0,0.5375555555555556,2.4298785660001965,1.8753407299518585,0.07496580921320452,0.4795720593796836,15.985735681321886,0.0,2.205664058526357,0.531,2.5402188301086426,1.9930396676063538,0.06801108364015818,0.4791680723428726,15.972269296646118,0.0,2.261045277118683
uncertainty_cost_lambda_c_0.03,0,44,0.0,0.03,0.0,1.0,0.5345555555555556,2.4273208578427634,1.8699645830525293,0.07799681503739622,0.4793594347106086,15.978648159239027,0.0,2.2026475734180875,0.525,2.4850963354110718,1.933804452419281,0.07212162669748068,0.47917021811008453,15.972341060638428,0.0,2.2092537879943848
uncertainty_cost_lambda_c_0.03,0,45,0.0,0.03,0.0,1.0,0.5343333333333333,2.4323669009738498,1.8741361730628543,0.07874292694032192,0.4794877974523438,15.98292687204149,0.0,2.2097222208976746,0.521,2.5038997530937195,1.9556080102920532,0.0678618811070919,0.4804299399256706,16.014331817626953,0.0,2.1893184185028076
uncertainty_cost_lambda_c_0.03,0,46,0.0,0.03,0.0,1.0,0.5355555555555556,2.427871346473694,1.8732792536417644,0.07546404756916066,0.47912803788979846,15.9709349738227,0.0,2.2116319470935397,0.515,2.5058156847953796,1.9552232921123505,0.07044855505228043,0.48014388233423233,16.004796266555786,0.0,2.0936153531074524
uncertainty_cost_lambda_c_0.03,0,47,0.0,0.03,0.0,1.0,0.5355555555555556,2.4426645901468067,1.886621163951026,0.0765831262494127,0.47946030067072976,15.982010417514378,0.0,2.12109375,0.523,2.4813013672828674,1.9322526454925537,0.06984258536249399,0.4792061373591423,15.973538398742676,0.0,2.2003636956214905
uncertainty_cost_lambda_c_0.03,0,48,0.0,0.03,0.0,1.0,0.5334444444444445,2.4321378999286227,1.8748693664868672,0.07780201391627391,0.4794665003816287,15.982217073440552,0.0,2.201562503973643,0.53,2.490197777748108,1.9407314658164978,0.0704559963196516,0.47901031374931335,15.967010974884033,0.0,2.2269328236579895
uncertainty_cost_lambda_c_0.03,0,49,0.0,0.03,0.0,1.0,0.5362222222222223,2.430199616485172,1.8725376062923007,0.07843331299308273,0.4792286803325017,15.974289549721611,0.0,2.223849826388889,0.51,2.494398593902588,1.9403325617313385,0.07493393681943417,0.4791320115327835,15.971067190170288,0.0,2.235048472881317
uncertainty_cost_lambda_c_0.03,0,50,0.0,0.03,0.0,1.0,0.5327777777777778,2.4340621365441217,1.8796979851192899,0.07459331994565825,0.4797708574268553,15.992362313800388,0.0,2.0795138809416027,0.53,2.490634262561798,1.939201146364212,0.07178947143256664,0.47964372485876083,15.98812460899353,0.0,2.0114493370056152
uncertainty_cost_lambda_c_0.1,0,1,0.0,0.1,0.0,1.0,0.32711111111111113,4.2282425032721624,2.489509337478214,0.15081453199187914,1.5879186391830444,15.879186232884726,0.0,1.2078993055555556,0.434,3.8528374433517456,2.142087459564209,0.1218766663223505,1.588873416185379,15.888733863830566,0.0,1.0
uncertainty_cost_lambda_c_0.1,0,2,0.0,0.1,0.0,1.0,0.43833333333333335,3.8265534374448986,2.1158952017625174,0.12450292478832933,1.586155311928855,15.861552874247232,0.0,1.0074435770511627,0.442,3.807332217693329,2.0962361693382263,0.1262903418391943,1.5848056972026825,15.848056554794312,0.0,1.1325094103813171
uncertainty_cost_lambda_c_0.1,0,3,0.0,0.1,0.0,1.0,0.4583333333333333,3.7753321064843073,2.0693022674984403,0.1204909182464083,1.5855389270517561,15.855389065212673,0.0,1.276410589615504,0.442,3.7663002014160156,2.0635776221752167,0.11890021525323391,1.583822339773178,15.838223218917847,0.0,1.7559604048728943
uncertainty_cost_lambda_c_0.1,0,4,0.0,0.1,0.0,1.0,0.4593333333333333,3.7530162466896906,2.049224022361967,0.12052746003286706,1.5832647780577342,15.832647615008884,0.0,1.802278647820155,0.453,3.779356360435486,2.078251540660858,0.11822446808218956,1.582880288362503,15.828802347183228,0.0,1.9278691112995148
uncertainty_cost_lambda_c_0.1,0,5,0.0,0.1,0.0,1.0,0.4588888888888889,3.7424170043733387,2.035198132197062,0.12498939699596828,1.582229471868939,15.822294447157118,0.0,1.8885199626286824,0.454,3.7401780486106873,2.045035094022751,0.11647618561983109,1.5786667466163635,15.786667346954346,0.0,1.964810073375702
uncertainty_cost_lambda_c_0.1,0,6,0.0,0.1,0.0,1.0,0.46244444444444444,3.716655519273546,2.0083194176355996,0.1276623693605264,1.5806737310356564,15.806737025578817,0.0,1.9786241319444444,0.463,3.7453737258911133,2.0427662134170532,0.11963731236755848,1.5829702019691467,15.829701900482178,0.0,1.9990234375
uncertainty_cost_lambda_c_0.1,0,7,0.0,0.1,0.0,1.0,0.46266666666666667,3.7173056072658963,2.01479638616244,0.12102784009443389,1.581481397151947,15.814813746346367,0.0,1.9011067748069763,0.461,3.7140642404556274,2.0147117972373962,0.12028534710407257,1.5790670216083527,15.790670156478882,0.0,1.9639345407485962
uncertainty_cost_lambda_c_0.1,0,8,0.0,0.1,0.0,1.0,0.4598888888888889,3.709318074915144,2.0110441048940024,0.1196788019604153,1.5785951283242967,15.78595103157891,0.0,1.9796006944444444,0.443,3.728086292743683,2.026139348745346,0.12346273846924305,1.5784841179847717,15.784840822219849,0.0,1.9990234375
uncertainty_cost_lambda_c_0.1,0,9,0.0,0.1,0.0,1.0,0.45844444444444443,3.6982543071111045,2.0009143981668682,0.1181506361398432,1.5791892740461562,15.791892555024889,0.0,1.9980468716886308,0.458,3.709017276763916,2.013534188270569,0.11778632365167141,1.5776967406272888,15.776967287063599,0.0,2.0
uncertainty_cost_lambda_c_0.1,0,10,0.0,0.1,0.0,1.0,0.462,3.6865622070100574,1.991164031955931,0.11662058076924747,1.5787776079442766,15.787775913874308,0.0,1.9995659722222223,0.459,3.731006443500519,2.0260761380195618,0.1235777884721756,1.5813525021076202,15.813524723052979,0.0,2.0
uncertainty_cost_lambda_c_0.1,0,11,0.0,0.1,0.0,1.0,0.4657777777777778,3.687972300582462,1.9870883292622037,0.12170662523971663,1.5791773365603552,15.79177318678962,0.0,1.9956597222222223,0.452,3.7221747040748596,2.0279547572135925,0.11679424345493317,1.5774257481098175,15.77425742149353,0.0,1.9999999403953552
uncertainty_cost_lambda_c_0.1,0,12,0.0,0.1,0.0,1.0,0.46111111111111114,3.683899654282464,1.9863707092073228,0.11939609174927075,1.5781328678131104,15.781328439712524,0.0,2.0,0.462,3.7132439017295837,2.019801616668701,0.11584633029997349,1.577595978975296,15.775959491729736,0.0,2.0
uncertainty_cost_lambda_c_0.1,0,13,0.0,0.1,0.0,1.0,0.4607777777777778,3.681201888455285,1.988457868496577,0.11444293516170648,1.578301082054774,15.7830105887519,0.0,1.9996744758552976,0.459,3.7288014888763428,2.0294680893421173,0.11859854683279991,1.5807348489761353,15.807348489761353,0.0,1.9959927201271057
uncertainty_cost_lambda_c_0.1,0,14,0.0,0.1,0.0,1.0,0.4648888888888889,3.6737520827187433,1.980308774444792,0.11520890094753769,1.5782344142595928,15.782343864440918,0.0,1.998806420299742,0.459,3.700672149658203,2.0064532458782196,0.11705831997096539,1.5771605372428894,15.771605014801025,0.0,2.0
uncertainty_cost_lambda_c_0.1,0,15,0.0,0.1,0.0,1.0,0.4598888888888889,3.666050089730157,1.974518660042021,0.11316178702852792,1.578369637330373,15.783696121639675,0.0,1.9999999966886308,0.454,3.7277303338050842,2.0271018743515015,0.12062043510377407,1.5800080001354218,15.800079584121704,0.0,2.0
uncertainty_cost_lambda_c_0.1,0,16,0.0,0.1,0.0,1.0,0.4658888888888889,3.6729894081751504,1.9769992695914373,0.11770941192905109,1.57828070057763,15.782806793848673,0.0,1.9998914930555556,0.465,3.697605013847351,2.002123773097992,0.11839817650616169,1.5770829916000366,15.770829677581787,0.0,2.0
uncertainty_cost_lambda_c_0.1,0,17,0.0,0.1,0.0,1.0,0.4666666666666667,3.6666209763950772,1.9708584282133315,0.11769320112135676,1.5780693524413638,15.780693292617798,0.0,1.9996744791666667,0.451,3.719574749469757,2.0226886570453644,0.11694801971316338,1.5799380540847778,15.7993803024292,0.0,2.0
uncertainty_cost_lambda_c_0.1,0,18,0.0,0.1,0.0,1.0,0.46455555555555555,3.6671551995807223,1.9718332058853574,0.117075112544828,1.5782469080554113,15.782468954722086,0.0,2.0,0.46,3.7733137607574463,2.0742392539978027,0.11884532123804092,1.5802291333675385,15.80229115486145,0.0,2.0
uncertainty_cost_lambda_c_0.1,0,19,0.0,0.1,0.0,1.0,0.46055555555555555,3.658878763516744,1.964106731944614,0.11679364513191912,1.5779783858193293,15.779783646265665,0.0,1.9997829861111112,0.462,3.688811779022217,1.9940413534641266,0.11768578551709652,1.5770846903324127,15.770846843719482,0.0,1.9999999701976776
uncertainty_cost_lambda_c_0.1,0,20,0.0,0.1,0.0,1.0,0.4692222222222222,3.6553428570429483,1.9614686369895935,0.11586771739853753,1.5780065291457706,15.780065086152819,0.0,1.9992404513888888,0.448,3.7154908180236816,2.017459988594055,0.12141359224915504,1.5766172111034393,15.766172170639038,0.0,2.0
uncertainty_cost_lambda_c_0.1,0,21,0.0,0.1,0.0,1.0,0.4666666666666667,3.661686340967814,1.9692533479796515,0.11435575193415086,1.5780772334999509,15.780772103203667,0.0,2.0,0.462,3.7265434861183167,2.0290457606315613,0.11792141571640968,1.5795763432979584,15.79576301574707,0.0,2.0
uncertainty_cost_lambda_c_0.1,0,22,0.0,0.1,0.0,1.0,0.4671111111111111,3.6739689111709595,1.9817434516217973,0.11419708385235733,1.5780283908049266,15.780283610026041,0.0,2.0000000066227384,0.45,3.750998616218567,2.0553905963897705,0.1168547086417675,1.578753411769867,15.7875337600708,0.0,2.0
uncertainty_cost_lambda_c_0.1,0,23,0.0,0.1,0.0,1.0,0.4658888888888889,3.652765783998701,1.960138973262575,0.11505626990563339,1.5775705575942993,15.775705337524414,0.0,2.0,0.462,3.7055256366729736,2.009646236896515,0.1186986193060875,1.5771807432174683,15.771807193756104,0.0,2.0
uncertainty_cost_lambda_c_0.1,0,24,0.0,0.1,0.0,1.0,0.4652222222222222,3.675205204221937,1.979000727335612,0.11860888368553585,1.5775955948564742,15.775955703523424,0.0,2.0,0.467,3.7148990631103516,2.018703043460846,0.1189056970179081,1.5772903561592102,15.772903203964233,0.0,1.9999999701976776
uncertainty_cost_lambda_c_0.1,0,25,0.0,0.1,0.0,1.0,0.4676666666666667,3.664038505819109,1.967845728000005,0.1184799839845962,1.5777127775881026,15.777127477857801,0.0,2.0000000066227384,0.462,3.712345242500305,2.0183629393577576,0.1149830911308527,1.5789991617202759,15.78999137878418,0.0,2.0
uncertainty_cost_lambda_c_0.1,0,26,0.0,0.1,0.0,1.0,0.4663333333333333,3.6531530883577137,1.9601398375299242,0.1157369011392196,1.5772763424449496,15.772763146294487,0.0,2.0,0.442,3.7447469830513,2.0496280193328857,0.11566550843417645,1.5794533789157867,15.794533491134644,0.0,2.0
uncertainty_cost_lambda_c_0.1,0,27,0.0,0.1,0.0,1.0,0.4647777777777778,3.6576397551430597,1.9658730891015794,0.11391416616323921,1.5778524809413486,15.778524478276571,0.0,2.0,0.458,3.702580690383911,2.0105096101760864,0.11554607190191746,1.5765250325202942,15.765250205993652,0.0,2.0
uncertainty_cost_lambda_c_0.1,0,28,0.0,0.1,0.0,1.0,0.4663333333333333,3.6587382422553167,1.9669287105401356,0.1144687029429608,1.5773408512274425,15.773408227496677,0.0,1.998806420299742,0.457,3.7261911034584045,2.0317713916301727,0.11540640890598297,1.57901331782341,15.790132999420166,0.0,2.0000000596046448
uncertainty_cost_lambda_c_0.1,0,29,0.0,0.1,0.0,1.0,0.4662222222222222,3.660731381840176,1.9629765980773501,0.11998241311973995,1.5777723855442471,15.777723683251274,0.0,1.9998914930555556,0.458,3.718033015727997,2.021812617778778,0.11692463792860508,1.579295814037323,15.792957782745361,0.0,2.0
uncertainty_cost_lambda_c_0.1,0,30,0.0,0.1,0.0,1.0,0.4671111111111111,3.6648875872294107,1.9672792322105832,0.11997075958384408,1.5776375631491344,15.776375346713596,0.0,2.0,0.46,3.756264388561249,2.0611457228660583,0.1167770940810442,1.578341543674469,15.783415079116821,0.0,2.0
uncertainty_cost_lambda_c_0.1,0,31,0.0,0.1,0.0,1.0,0.4702222222222222,3.6465754641426935,1.9555129806200664,0.11353253521439102,1.5775299668312073,15.775299469629923,0.0,2.0,0.468,3.7182096242904663,2.023936152458191,0.11546032503247261,1.5788132846355438,15.788132667541504,0.0,1.9999999403953552
uncertainty_cost_lambda_c_0.1,0,32,0.0,0.1,0.0,1.0,0.4666666666666667,3.6609778669145374,1.9697810841931238,0.11406672880467442,1.5771300494670868,15.771300183402168,0.0,2.0,0.462,3.7199849486351013,2.023777723312378,0.11669339798390865,1.5795138776302338,15.795138597488403,0.0,2.0
uncertainty_cost_lambda_c_0.1,0,33,0.0,0.1,0.0,1.0,0.4657777777777778,3.656777858734131,1.9642294645309448,0.1147262379527092,1.5778221355544195,15.778221130371094,0.0,2.0,0.46,3.7240488529205322,2.027288943529129,0.11963517032563686,1.5771247148513794,15.771247148513794,0.0,2.0
uncertainty_cost_lambda_c_0.1,0,34,0.0,0.1,0.0,1.0,0.4648888888888889,3.669906086391873,1.977180411418279,0.11474040895700455,1.5779852734671698,15.77985241678026,0.0,2.0,0.459,3.7049341201782227,2.0084846317768097,0.11991195939481258,1.5765376687049866,15.765376329421997,0.0,2.0
uncertainty_cost_lambda_c_0.1,0,35,0.0,0.1,0.0,1.0,0.464,3.6427892645200095,1.9511139690876007,0.11467614469842778,1.576999134487576,15.769991053475273,0.0,1.9998914930555556,0.467,3.698388993740082,2.004378080368042,0.11734018102288246,1.5766707360744476,15.766706943511963,0.0,2.0
uncertainty_cost_lambda_c_0.1,0,36,0.0,0.1,0.0,1.0,0.4658888888888889,3.663298593627082,1.9719505078262753,0.1138955805864599,1.577452494038476,15.774524715211657,0.0,2.0000000066227384,0.457,3.7000807523727417,2.0068560540676117,0.11703920736908913,1.5761855244636536,15.761854887008667,0.0,1.9999999403953552
uncertainty_cost_lambda_c_0.1,0,37,0.0,0.1,0.0,1.0,0.4657777777777778,3.648706144756741,1.9562797413931952,0.1153287792371379,1.5770976410971747,15.77097619904412,0.0,2.0,0.462,3.7115103006362915,2.0180091857910156,0.11711301654577255,1.5763881206512451,15.763881206512451,0.0,2.0000000596046448
uncertainty_cost_lambda_c_0.1,0,38,0.0,0.1,0.0,1.0,0.4661111111111111,3.658352507485284,1.9671003851625655,0.1141250254586339,1.5771271189053853,15.771271043353611,0.0,2.0,0.466,3.766055643558502,2.071287751197815,0.11656929552555084,1.5781985223293304,15.78198504447937,0.0,2.0000000596046448
uncertainty_cost_lambda_c_0.1,0,39,0.0,0.1,0.0,1.0,0.4683333333333333,3.6582012640105352,1.9683227505948808,0.112885397962398,1.5769931541548834,15.769931316375732,0.0,2.0,0.449,3.70209801197052,2.0087844729423523,0.11415231972932816,1.5791612267494202,15.791612148284912,0.0,2.0
uncertainty_cost_lambda_c_0.1,0,40,0.0,0.1,0.0,1.0,0.4668888888888889,3.6563503013716803,1.967280990547604,0.11180824745032522,1.5772611035241022,15.77261069085863,0.0,2.0,0.461,3.719993770122528,2.0248168110847473,0.11620920151472092,1.5789677500724792,15.789677143096924,0.0,2.0000000596046448
uncertainty_cost_lambda_c_0.1,0,41,0.0,0.1,0.0,1.0,0.46655555555555556,3.6595620248052807,1.9686611493428547,0.11400297159949939,1.5768979158666399,15.768978913625082,0.0,2.0,0.455,3.7294275164604187,2.0364509522914886,0.11529077589511871,1.5776858031749725,15.776857614517212,0.0,1.9999999701976776
uncertainty_cost_lambda_c_0.1,0,42,0.0,0.1,0.0,1.0,0.4697777777777778,3.6576671799023948,1.96737144390742,0.11301423547168572,1.5772815181149378,15.772814936108059,0.0,1.9999999966886308,0.47,3.7543020248413086,2.0599551796913147,0.11632421426475048,1.5780226290225983,15.78022575378418,0.0,2.0
uncertainty_cost_lambda_c_0.1,0,43,0.0,0.1,0.0,1.0,0.46944444444444444,3.650038719177246,1.9597166644202337,0.11298857142941819,1.5773334668742285,15.773334423700968,0.0,2.0,0.463,3.7065613865852356,2.0143109261989594,0.11591108329594135,1.5763393640518188,15.76339340209961,0.0,2.0000000596046448
uncertainty_cost_lambda_c_0.1,0,44,0.0,0.1,0.0,1.0,0.4707777777777778,3.6434800492392645,1.953879588180118,0.11256418025328054,1.5770362748040094,15.770362536112467,0.0,2.0,0.468,3.709760904312134,2.0186513364315033,0.11539573222398758,1.575713872909546,15.7571382522583,0.0,2.0
uncertainty_cost_lambda_c_0.1,0,45,0.0,0.1,0.0,1.0,0.4656666666666667,3.653684788280063,1.9623687664667766,0.11366364535772139,1.577652394771576,15.776523775524563,0.0,1.9999999966886308,0.443,3.7239916920661926,2.0311249792575836,0.11418913304805756,1.578677624464035,15.786776065826416,0.0,2.0000000596046448
uncertainty_cost_lambda_c_0.1,0,46,0.0,0.1,0.0,1.0,0.4687777777777778,3.661573668320974,1.9721498257584043,0.11221249691314167,1.5772113137774997,15.772112925847372,0.0,2.0,0.463,3.689538836479187,1.9958085119724274,0.11772430315613747,1.5760060250759125,15.76006007194519,0.0,2.0000000596046448
uncertainty_cost_lambda_c_0.1,0,47,0.0,0.1,0.0,1.0,0.4671111111111111,3.6537899706098766,1.9617860913276672,0.11564335671977864,1.5763605270120833,15.763605011834038,0.0,2.0,0.452,3.7201088666915894,2.027442693710327,0.11417341604828835,1.5784927308559418,15.784927368164062,0.0,2.0000000596046448
uncertainty_cost_lambda_c_0.1,0,48,0.0,0.1,0.0,1.0,0.4633333333333333,3.6526068581475153,1.9603472881846957,0.11479212902486324,1.577467468049791,15.774674389097425,0.0,2.0,0.462,3.693300247192383,1.9994474649429321,0.11785085685551167,1.5760018527507782,15.760018110275269,0.0,2.0
uncertainty_cost_lambda_c_0.1,0,49,0.0,0.1,0.0,1.0,0.4682222222222222,3.6457418269581265,1.954354418648614,0.11453882180568245,1.5768485996458266,15.76848570505778,0.0,1.9999999966886308,0.449,3.7547173500061035,2.0573604106903076,0.11986623331904411,1.577490657567978,15.774906396865845,0.0,2.0
uncertainty_cost_lambda_c_0.1,0,50,0.0,0.1,0.0,1.0,0.4677777777777778,3.6474550896220737,1.9585145678785112,0.11164428035004272,1.5772962503963046,15.77296225229899,0.0,2.0,0.459,3.7281951904296875,2.034939706325531,0.11599786020815372,1.5772575736045837,15.772575378417969,0.0,2.0
uncertainty_cost_lambda_c_0.2,0,1,0.0,0.2,0.0,1.0,0.28633333333333333,5.928214364581638,2.636225230163998,0.15076774772670534,3.141221457057529,15.706107086605495,0.0,1.4325086805555556,0.397,5.549422740936279,2.286718010902405,0.12497715279459953,3.1377276182174683,15.688637733459473,0.0,1.998922437429428
uncertainty_cost_lambda_c_0.2,0,2,0.0,0.2,0.0,1.0,0.39755555555555555,5.527827739715576,2.271956808037228,0.12323123961687088,3.132639699512058,15.663198365105522,0.0,1.9718967013888888,0.402,5.50792384147644,2.2512181401252747,0.12561926618218422,3.1310863494873047,15.655431509017944,0.0,1.9999999701976776
uncertainty_cost_lambda_c_0.2,0,3,0.0,0.2,0.0,1.0,0.4076666666666667,5.486876222822401,2.234127097659641,0.12210139197607835,3.1306477387746177,15.653238428963554,0.0,1.9995659689108531,0.411,5.474362134933472,2.2194684743881226,0.12466727569699287,3.1302263736724854,15.651131868362427,0.0,2.0
uncertainty_cost_lambda_c_0.2,0,4,0.0,0.2,0.0,1.0,0.4063333333333333,5.479565156830682,2.2280433177948,0.12145325251751476,3.130068646536933,15.650342914793226,0.0,2.0,0.405,5.525615811347961,2.2633992433547974,0.13264635764062405,3.1295700669288635,15.647850275039673,0.0,2.0
uncertainty_cost_lambda_c_0.2,0,5,0.0,0.2,0.0,1.0,0.40844444444444444,5.466053565343221,2.2111691898769803,0.125108755297131,3.129775663216909,15.648878044552273,0.0,1.9999999966886308,0.404,5.451286792755127,2.2031354308128357,0.11998793855309486,3.128163516521454,15.640817403793335,0.0,2.0
uncertainty_cost_lambda_c_0.2,0,6,0.0,0.2,0.0,1.0,0.41655555555555557,5.45232880115509,2.1949184470706515,0.12748836622469956,3.1299220058653088,15.649609883626303,0.0,2.0,0.421,5.442073822021484,2.1903526186943054,0.12219113856554031,3.129530191421509,15.647650718688965,0.0,2.0
uncertainty_cost_lambda_c_0.2,0,7,0.0,0.2,0.0,1.0,0.4107777777777778,5.434201995531718,2.182839188310835,0.12173686652547783,3.129625976085663,15.648129595650566,0.0,1.9996744758552976,0.406,5.451147437095642,2.20063453912735,0.12166481837630272,3.128848135471344,15.644240379333496,0.0,2.0
uncertainty_cost_lambda_c_0.2,0,8,0.0,0.2,0.0,1.0,0.4147777777777778,5.43343088361952,2.1844205061594644,0.11961525368193786,3.1293950941827564,15.646975331836277,0.0,2.0,0.395,5.423473119735718,2.16804701089859,0.1266451459378004,3.1287810802459717,15.6439049243927,0.0,1.9999999701976776
uncertainty_cost_lambda_c_0.2,0,9,0.0,0.2,0.0,1.0,0.4136666666666667,5.430055181185405,2.1819919877582126,0.1188769925178753,3.1291861865255566,15.645930608113607,0.0,1.9999999966886308,0.422,5.4178935289382935,2.1676425337791443,0.12110542692244053,3.1291456818580627,15.64572811126709,0.0,2.0000000596046448
uncertainty_cost_lambda_c_0.2,0,10,0.0,0.2,0.0,1.0,0.4162222222222222,5.410568767123753,2.163168774710761,0.11887804863767491,3.128521958986918,15.642609596252441,0.0,2.0,0.416,5.449620246887207,2.1967772245407104,0.12389598786830902,3.1289470195770264,15.644734621047974,0.0,2.0
uncertainty_cost_lambda_c_0.2,0,11,0.0,0.2,0.0,1.0,0.41433333333333333,5.4191224575042725,2.1682781510882907,0.12223167448408073,3.1286126176516214,15.643062829971313,0.0,1.9999999966886308,0.412,5.428858995437622,2.1746968626976013,0.12564742006361485,3.12851482629776,15.642573833465576,0.0,2.0
uncertainty_cost_lambda_c_0.2,0,12,0.0,0.2,0.0,1.0,0.41244444444444445,5.427111678653294,2.17566387852033,0.1217469001809756,3.1297008328967624,15.648503939310709,0.0,1.9976128472222223,0.411,5.4098803997039795,2.160032331943512,0.12058803252875805,3.1292600631713867,15.646300077438354,0.0,2.0
uncertainty_cost_lambda_c_0.2,0,13,0.0,0.2,0.0,1.0,0.4103333333333333,5.4042081700430975,2.1599812971221075,0.11539274366158578,3.128834115134345,15.6441703637441,0.0,2.0,0.418,5.423730492591858,2.1727524995803833,0.12156919203698635,3.1294087171554565,15.647043466567993,0.0,2.0
uncertainty_cost_lambda_c_0.2,0,14,0.0,0.2,0.0,1.0,0.41788888888888887,5.410287830564711,2.1645475029945374,0.11709391687893206,3.1286464267306857,15.643231789271036,0.0,2.0,0.412,5.417004823684692,2.1674234867095947,0.12136912159621716,3.1282122135162354,15.641060590744019,0.0,2.0
uncertainty_cost_lambda_c_0.2,0,15,0.0,0.2,0.0,1.0,0.4147777777777778,5.405531393157111,2.1603283716572657,0.11711509686170353,3.1280879047181873,15.64043927192688,0.0,1.9992404513888888,0.407,5.434232831001282,2.184950828552246,0.12119077332317829,3.1280910968780518,15.64045524597168,0.0,2.0
uncertainty_cost_lambda_c_0.2,0,16,0.0,0.2,0.0,1.0,0.4167777777777778,5.410744137234158,2.163266910447015,0.11927561648190022,3.1282016502486334,15.641007900238037,0.0,1.9999999966886308,0.428,5.439802169799805,2.1856563687324524,0.12470597587525845,3.129439651966095,15.64719820022583,0.0,2.0
uncertainty_cost_lambda_c_0.2,0,17,0.0,0.2,0.0,1.0,0.4181111111111111,5.404277033276028,2.1549740069442325,0.12089866554985444,3.128404332531823,15.642021497090658,0.0,1.996853295299742,0.42,5.433244109153748,2.1836580634117126,0.12119579501450062,3.128390371799469,15.641951560974121,0.0,2.0
uncertainty_cost_lambda_c_0.2,0,18,0.0,0.2,0.0,1.0,0.4166666666666667,5.405279954274495,2.1549717452791004,0.1224136333912611,3.127894573741489,15.639472643534342,0.0,2.026866316795349,0.41,5.414120674133301,2.160818874835968,0.12540786527097225,3.1278939843177795,15.639469623565674,0.0,2.0525659322738647
uncertainty_cost_lambda_c_0.2,0,19,0.0,0.2,0.0,1.0,0.41533333333333333,5.409002436531915,2.1611967550383673,0.11982306206805839,3.127982669406467,15.639913029140896,0.0,2.065885411368476,0.411,5.4457255601882935,2.1874398589134216,0.12984886206686497,3.128436863422394,15.642184019088745,0.0,2.0317551493644714
uncertainty_cost_lambda_c_0.2,0,20,0.0,0.2,0.0,1.0,0.4202222222222222,5.388853775130378,2.1430695156256356,0.11803711226416959,3.127747138341268,15.63873545328776,0.0,2.059613711304135,0.399,5.408397793769836,2.1541784405708313,0.12698119692504406,3.127238094806671,15.636189937591553,0.0,2.074555516242981
uncertainty_cost_lambda_c_0.2,0,21,0.0,0.2,0.0,1.0,0.41655555555555557,5.39684338039822,2.1527395248413086,0.11674065867231952,3.127363211578793,15.636815812852648,0.0,2.0846137205759683,0.424,5.40321671962738,2.1553601026535034,0.12061882205307484,3.127237856388092,15.636189222335815,0.0,2.160189926624298
uncertainty_cost_lambda_c_0.2,0,22,0.0,0.2,0.0,1.0,0.4182222222222222,5.409294366836548,2.1644557780689664,0.11695781826145119,3.127880745463901,15.639403422673544,0.0,2.0810764034589133,0.42,5.434163570404053,2.186353325843811,0.12075098045170307,3.127059280872345,15.635296106338501,0.0,2.091392755508423
uncertainty_cost_lambda_c_0.2,0,23,0.0,0.2,0.0,1.0,0.4216666666666667,5.400753551059299,2.1548614303270974,0.11776308880911933,3.1281289988093905,15.640644709269205,0.0,2.096831593248579,0.42,5.417087554931641,2.167463541030884,0.12179638631641865,3.12782746553421,15.639137029647827,0.0,2.0838496685028076
uncertainty_cost_lambda_c_0.2,0,24,0.0,0.2,0.0,1.0,0.419,5.409536242485046,2.1611265937487283,0.12051090246273412,3.1278987725575766,15.639493650860256,0.0,2.1085937486754522,0.416,5.4147316217422485,2.164201080799103,0.12321807444095612,3.127312421798706,15.636561632156372,0.0,2.143184244632721
uncertainty_cost_lambda_c_0.2,0,25,0.0,0.2,0.0,1.0,0.41944444444444445,5.40659577316708,2.1585031151771545,0.12105857705076535,3.1270340747303433,15.635170194837782,0.0,2.137543406751421,0.414,5.4086594581604,2.162249743938446,0.11902059055864811,3.1273890137672424,15.636944770812988,0.0,2.1102505326271057
uncertainty_cost_lambda_c_0.2,0,26,0.0,0.2,0.0,1.0,0.419,5.410570409562853,2.1588796046045093,0.12461075704130861,3.1270800034205117,15.635399712456596,0.0,2.0638020833333335,0.417,5.462938547134399,2.215860962867737,0.11793086677789688,3.129146635532379,15.645733118057251,0.0,2.0069369673728943
uncertainty_cost_lambda_c_0.2,0,27,0.0,0.2,0.0,1.0,0.4202222222222222,5.395712335904439,2.151042534245385,0.11702050889531772,3.1276493271191916,15.638246403800117,0.0,2.0739149252573648,0.409,5.417865753173828,2.172026038169861,0.1185839306563139,3.1272557973861694,15.636278867721558,0.0,2.160189926624298
uncertainty_cost_lambda_c_0.2,0,28,0.0,0.2,0.0,1.0,0.4212222222222222,5.389499651061164,2.145263761281967,0.1167273223400116,3.127508540948232,15.63754251268175,0.0,2.085004342926873,0.416,5.434780955314636,2.1851256489753723,0.12049531377851963,3.129159986972809,15.64579963684082,0.0,2.0332367420196533
uncertainty_cost_lambda_c_0.2,0,29,0.0,0.2,0.0,1.0,0.41988888888888887,5.396813604566786,2.146572728951772,0.12243923275834984,3.127801650100284,15.63900801870558,0.0,2.102408859464857,0.41,5.413477301597595,2.1646711826324463,0.1211711410433054,3.1276350021362305,15.638174772262573,0.0,2.118736505508423
uncertainty_cost_lambda_c_0.2,0,30,0.0,0.2,0.0,1.0,0.41855555555555557,5.411565449502733,2.1574220259984336,0.12666263638271225,3.1274807850519815,15.637403647104898,0.0,2.1109157933129206,0.423,5.427375912666321,2.1718913316726685,0.1277442667633295,3.1277403235435486,15.638701677322388,0.0,2.0851293206214905
uncertainty_cost_lambda_c_0.2,0,31,0.0,0.2,0.0,1.0,0.42188888888888887,5.391822205649482,2.1472045944796667,0.11758940387517214,3.127028246720632,15.63514092233446,0.0,2.126736111111111,0.421,5.4200661182403564,2.171675682067871,0.12060514837503433,3.127785384654999,15.638926982879639,0.0,2.1102505326271057
uncertainty_cost_lambda_c_0.2,0,32,0.0,0.2,0.0,1.0,0.42188888888888887,5.387539386749268,2.1414463917414346,0.11870409651762909,3.1273888680669994,15.636944082048204,0.0,2.117317709657881,0.412,5.449748516082764,2.200242042541504,0.12248379364609718,3.1270225644111633,15.635113000869751,0.0,2.144160807132721
uncertainty_cost_lambda_c_0.2,0,33,0.0,0.2,0.0,1.0,0.42077777777777775,5.403270628717211,2.1555024716589184,0.12058243010607031,3.1271857023239136,15.63592823346456,0.0,2.1187283065583973,0.414,5.425718903541565,2.1762941479682922,0.12209732830524445,3.1273274421691895,15.636636972427368,0.0,2.056876301765442
uncertainty_cost_lambda_c_0.2,0,34,0.0,0.2,0.0,1.0,0.4202222222222222,5.406353579627143,2.159559448560079,0.11943590144316356,3.1273582511478,15.636791070302328,0.0,2.117317709657881,0.425,5.420760989189148,2.1607382893562317,0.1328889038413763,3.127133846282959,15.635668992996216,0.0,2.0998787879943848
uncertainty_cost_lambda_c_0.2,0,35,0.0,0.2,0.0,1.0,0.41933333333333334,5.383782042397393,2.1377568211820392,0.11854377740787135,3.127481414212121,15.63740685251024,0.0,2.1080729166666665,0.42,5.397775053977966,2.1529223918914795,0.11811956204473972,3.126733183860779,15.633665323257446,0.0,2.1782731413841248
uncertainty_cost_lambda_c_0.2,0,36,0.0,0.2,0.0,1.0,0.41844444444444445,5.395643790562947,2.1528024739689298,0.11527736981709798,3.127563953399658,15.637819555070665,0.0,2.1181640625,0.417,5.444729208946228,2.194806158542633,0.12217254377901554,3.1277504563331604,15.638751983642578,0.0,2.1740639209747314
uncertainty_cost_lambda_c_0.2,0,37,0.0,0.2,0.0,1.0,0.4216666666666667,5.402903967433506,2.1562131312158375,0.1196351841919952,3.127055678102705,15.635278198454115,0.0,2.1069661445087857,0.403,5.449209213256836,2.1776604652404785,0.143874142318964,3.127674639225006,15.638373136520386,0.0,2.0622642636299133
uncertainty_cost_lambda_c_0.2,0,38,0.0,0.2,0.0,1.0,0.4147777777777778,5.3956564797295465,2.1499631073739796,0.11822276572800344,3.1274705860349865,15.637352599038017,0.0,2.0686848958333335,0.419,5.429531812667847,2.1819223761558533,0.12087206542491913,3.1267372369766235,15.633686065673828,0.0,2.1241244673728943
uncertainty_cost_lambda_c_0.2,0,39,0.0,0.2,0.0,1.0,0.42244444444444446,5.390571422047085,2.1474249362945557,0.11594731510720319,3.1271991464826794,15.63599541452196,0.0,2.12758246395323,0.393,5.4187012910842896,2.17230886220932,0.11921791173517704,3.1271745562553406,15.635872602462769,0.0,2.0832772254943848
uncertainty_cost_lambda_c_0.2,0,40,0.0,0.2,0.0,1.0,0.4202222222222222,5.387880232599047,2.1461300320095487,0.11428870457328028,3.1274614996380277,15.637307246526083,0.0,2.107335070768992,0.425,5.410256624221802,2.1648200154304504,0.11833121255040169,3.1271053552627563,15.635526418685913,0.0,2.1352707743644714
uncertainty_cost_lambda_c_0.2,0,41,0.0,0.2,0.0,1.0,0.42155555555555557,5.39883550008138,2.1552086207601757,0.115957237366173,3.12766965230306,15.638348049587673,0.0,2.1027126709620156,0.427,5.448318123817444,2.2000368237495422,0.12060189060866833,3.127679228782654,15.6383957862854,0.0,2.117086410522461
uncertainty_cost_lambda_c_0.2,0,42,0.0,0.2,0.0,1.0,0.42444444444444446,5.3952774206797285,2.1513210667504206,0.11671135305530494,3.1272449758317737,15.636224614249336,0.0,2.1046006944444446,0.418,5.401285409927368,2.152729570865631,0.12152604572474957,3.1270296573638916,15.6351478099823,0.0,2.1622440218925476
uncertainty_cost_lambda_c_0.2,0,43,0.0,0.2,0.0,1.0,0.42188888888888887,5.39104441801707,2.147651649183697,0.11584515103863345,3.127547562122345,15.637737565570408,0.0,2.1189887126286826,0.425,5.414622068405151,2.1676372289657593,0.11954099126160145,3.127443850040436,15.637218952178955,0.0,2.123349964618683
uncertainty_cost_lambda_c_0.2,0,44,0.0,0.2,0.0,1.0,0.42533333333333334,5.37958726618025,2.1369519664181604,0.11520714799149169,3.1274281872643366,15.63714067141215,0.0,2.1211805674764843,0.423,5.432239770889282,2.1844674348831177,0.12041776068508625,3.1273545026779175,15.636772155761719,0.0,2.094322443008423
uncertainty_cost_lambda_c_0.2,0,45,0.0,0.2,0.0,1.0,0.4235555555555556,5.404228144221836,2.1581439773241677,0.11874952850242455,3.127334621217516,15.636672894159952,0.0,2.1151475641462536,0.423,5.446813941001892,2.1991829872131348,0.11915659345686436,3.1284745931625366,15.642372846603394,0.0,2.120218276977539
uncertainty_cost_lambda_c_0.2,0,46,0.0,0.2,0.0,1.0,0.41944444444444445,5.396830161412557,2.154682947529687,0.11460629478096962,3.1275408797793918,15.637704133987427,0.0,2.1353081597222223,0.415,5.5178529024124146,2.265546441078186,0.12598233669996262,3.1263239979743958,15.631619930267334,0.0,2.212957978248596
uncertainty_cost_lambda_c_0.2,0,47,0.0,0.2,0.0,1.0,0.4182222222222222,5.399985326661004,2.153213749329249,0.11984929307881328,3.126922309398651,15.634611341688368,0.0,2.1552083359824286,0.405,5.40909206867218,2.165497660636902,0.11678349412977695,3.1268109679222107,15.63405442237854,0.0,2.1732892990112305
uncertainty_cost_lambda_c_0.2,0,48,0.0,0.2,0.0,1.0,0.4157777777777778,5.399522238307529,2.151470641295115,0.12106772657069895,3.1269839074876575,15.634919352001614,0.0,2.135503477520413,0.424,5.404703736305237,2.157725512981415,0.11982216313481331,3.1271560192108154,15.635779857635498,0.0,2.162143111228943
uncertainty_cost_lambda_c_0.2,0,49,0.0,0.2,0.0,1.0,0.41633333333333333,5.393136262893677,2.1485327647791967,0.11753978663020664,3.1270637247297497,15.635318491193983,0.0,2.179231776131524,0.401,5.431332349777222,2.1834850907325745,0.11994305811822414,3.127904236316681,15.63952088356018,0.0,2.129310369491577
uncertainty_cost_lambda_c_0.2,0,50,0.0,0.2,0.0,1.0,0.42433333333333334,5.405347771114773,2.1633962392807007,0.1145399236637685,3.1274116105503507,15.63705783420139,0.0,2.1447265611754522,0.423,5.397355794906616,2.151249349117279,0.11913982965052128,3.1269668340682983,15.634833812713623,0.0,2.1632206439971924
uncertainty_cost_lambda_c_0.3,0,1,0.0,0.3,0.0,1.0,0.25244444444444447,7.6602439350552025,2.7970656553904214,0.17740073510342175,4.685777597957188,15.619258138868544,0.0,2.0147569444444446,0.355,7.217474341392517,2.409030556678772,0.12297753989696503,4.685466289520264,15.618220329284668,0.0,2.0
uncertainty_cost_lambda_c_0.3,0,2,0.0,0.3,0.0,1.0,0.3373333333333333,7.207164565722148,2.4001665247811212,0.12525190909703574,4.681746138466729,15.605819834603203,0.0,2.0,0.362,7.191451191902161,2.3812299370765686,0.13176477327942848,4.678456544876099,15.594854593276978,0.0,2.0
uncertainty_cost_lambda_c_0.3,0,3,0.0,0.3,0.0,1.0,0.3431111111111111,7.165192445119222,2.3611030313703747,0.12535550259053707,4.678733905156453,15.595778995090061,0.0,2.107291665342119,0.358,7.13155210018158,2.3234057426452637,0.1295222006738186,4.678624153137207,15.595413208007812,0.0,2.039971709251404
uncertainty_cost_lambda_c_0.3,0,4,0.0,0.3,0.0,1.0,0.344,7.141981614960565,2.341144402821859,0.122632236012982,4.678204973538716,15.594015889697605,0.0,2.1077473958333335,0.344,7.152530789375305,2.3480523824691772,0.1267536487430334,4.677724838256836,15.59241533279419,0.0,2.0000000596046448
uncertainty_cost_lambda_c_0.3,0,5,0.0,0.3,0.0,1.0,0.3453333333333333,7.137259682019551,2.3352537949879966,0.12436315458681849,4.677642795774672,15.59214194615682,0.0,2.2821180621782937,0.348,7.118412733078003,2.3196147084236145,0.12173715606331825,4.6770607233047485,15.59020185470581,0.0,2.641635239124298
uncertainty_cost_lambda_c_0.3,0,6,0.0,0.3,0.0,1.0,0.3476666666666667,7.130433003107707,2.326366172896491,0.12749432223952478,4.676572495036655,15.588574330012003,0.0,2.593684905105167,0.334,7.103786587715149,2.301076591014862,0.12483677640557289,4.677873253822327,15.592910289764404,0.0,2.393184244632721
uncertainty_cost_lambda_c_0.3,0,7,0.0,0.3,0.0,1.0,0.3431111111111111,7.127778026792738,2.3282781309551663,0.1226032121727864,4.676896691322327,15.589655001958212,0.0,2.519704865084754,0.356,7.109341144561768,2.308666229248047,0.1244831383228302,4.676191687583923,15.587304830551147,0.0,2.6743668913841248
uncertainty_cost_lambda_c_0.3,0,8,0.0,0.3,0.0,1.0,0.3492222222222222,7.11520791053772,2.317790620856815,0.12187090040081078,4.675546394454108,15.585153897603353,0.0,2.6522786484824286,0.336,7.116274356842041,2.3130277395248413,0.1277505848556757,4.675495982170105,15.584986209869385,0.0,2.690396010875702
uncertainty_cost_lambda_c_0.3,0,9,0.0,0.3,0.0,1.0,0.3392222222222222,7.114598353703816,2.318452517191569,0.12037686941524346,4.675768931706746,15.58589580323961,0.0,2.6555772622426352,0.343,7.098679900169373,2.3015758395195007,0.12162074446678162,4.675483345985413,15.584943771362305,0.0,2.5505118370056152
uncertainty_cost_lambda_c_0.3,0,10,0.0,0.3,0.0,1.0,0.34755555555555556,7.09346956676907,2.2966989278793335,0.12072145980265406,4.676049179501003,15.586830033196343,0.0,2.502473963631524,0.359,7.098053932189941,2.297176718711853,0.12562071159482002,4.675256609916687,15.584188222885132,0.0,2.722252130508423
uncertainty_cost_lambda_c_0.3,0,11,0.0,0.3,0.0,1.0,0.3472222222222222,7.104211131731669,2.3021958801481457,0.12481724636422263,4.677198039160834,15.590659432941013,0.0,2.504383683204651,0.343,7.12121856212616,2.323321580886841,0.1216721311211586,4.6762248277664185,15.58741569519043,0.0,2.6654767990112305
uncertainty_cost_lambda_c_0.3,0,12,0.0,0.3,0.0,1.0,0.3453333333333333,7.107483744621277,2.3089503380987377,0.12232152962436278,4.676211794217427,15.5873720380995,0.0,2.5390625066227384,0.365,7.118008136749268,2.3197141885757446,0.12234480492770672,4.6759490966796875,15.586496829986572,0.0,2.4827922582626343
uncertainty_cost_lambda_c_0.3,0,13,0.0,0.3,0.0,1.0,0.3476666666666667,7.1052413781483965,2.311992837323083,0.11834010740535127,4.674908505545722,15.58302770720588,0.0,2.7026041746139526,0.363,7.094873666763306,2.2980849146842957,0.12229744158685207,4.6744914054870605,15.581637382507324,0.0,2.705751657485962
uncertainty_cost_lambda_c_0.3,0,14,0.0,0.3,0.0,1.0,0.35044444444444445,7.115305463473002,2.31922181447347,0.11821695499949986,4.677866670820448,15.592888222800362,0.0,2.24741753604677,0.351,7.106822490692139,2.3077232837677,0.12234139069914818,4.6767579317092896,15.589192628860474,0.0,2.415072739124298
uncertainty_cost_lambda_c_0.3,0,15,0.0,0.3,0.0,1.0,0.3476666666666667,7.099915610419379,2.306634843349457,0.11761743342503905,4.675663378503588,15.585543976889717,0.0,2.6355468763245478,0.358,7.093819499015808,2.2961505651474,0.12229087390005589,4.675378203392029,15.584592819213867,0.0,2.7263604402542114
uncertainty_cost_lambda_c_0.3,0,16,0.0,0.3,0.0,1.0,0.3542222222222222,7.0931229326460095,2.2979697253968983,0.12013089367085034,4.675022310680813,15.583407190110949,0.0,2.724826395511627,0.359,7.092367172241211,2.288650929927826,0.1283726468682289,4.675343751907349,15.584478378295898,0.0,2.7263604402542114
uncertainty_cost_lambda_c_0.3,0,17,0.0,0.3,0.0,1.0,0.3567777777777778,7.09704491827223,2.298808369371626,0.12327035806245273,4.674966202841865,15.583220058017307,0.0,2.6770399345291986,0.347,7.095287561416626,2.299528419971466,0.12139319628477097,4.674365997314453,15.58121943473816,0.0,2.753333806991577
uncertainty_cost_lambda_c_0.3,0,18,0.0,0.3,0.0,1.0,0.3531111111111111,7.092439823680454,2.296133193704817,0.12152731873922878,4.674779375394185,15.582597255706787,0.0,2.715321183204651,0.363,7.0980165004730225,2.299763023853302,0.12422847375273705,4.674025058746338,15.580082654953003,0.0,2.7324218153953552
uncertainty_cost_lambda_c_0.3,0,19,0.0,0.3,0.0,1.0,0.3561111111111111,7.094226678212483,2.297756996419695,0.12153948429558012,4.67493016189999,15.583099842071533,0.0,2.6322916679912143,0.363,7.08947479724884,2.293597936630249,0.12211364135146141,4.673763155937195,15.579210042953491,0.0,2.7692618370056152
uncertainty_cost_lambda_c_0.3,0,20,0.0,0.3,0.0,1.0,0.363,7.080135544141133,2.2841251128249698,0.12138367464972867,4.67462678750356,15.582088629404703,0.0,2.583246522479587,0.365,7.1570494174957275,2.3564690351486206,0.12465995736420155,4.675920486450195,15.586401462554932,0.0,2.5510169863700867
uncertainty_cost_lambda_c_0.3,0,21,0.0,0.3,0.0,1.0,0.35255555555555557,7.0833279556698265,2.2907903128200107,0.11783431449698077,4.6747033728493586,15.582344081666735,0.0,2.5522352390819125,0.364,7.132809281349182,2.334145724773407,0.12313654460012913,4.675526976585388,15.585089445114136,0.0,2.522562026977539
uncertainty_cost_lambda_c_0.3,0,22,0.0,0.3,0.0,1.0,0.3542222222222222,7.091795868343777,2.297931558556027,0.11879647005763319,4.675067835383945,15.583558824327257,0.0,2.5791015625,0.357,7.094913601875305,2.2974764108657837,0.12288384325802326,4.674553275108337,15.581843376159668,0.0,2.7516837120056152
uncertainty_cost_lambda_c_0.3,0,23,0.0,0.3,0.0,1.0,0.356,7.090045822991265,2.2964072161250644,0.11911443455351724,4.674524161550734,15.581746710671318,0.0,2.6638020873069763,0.362,7.108327388763428,2.311779737472534,0.12252761796116829,4.674019813537598,15.580065727233887,0.0,2.7353515625
uncertainty_cost_lambda_c_0.3,0,24,0.0,0.3,0.0,1.0,0.3582222222222222,7.102347215016683,2.30501397450765,0.12391185118920273,4.673421422640483,15.578070799509684,0.0,2.6909071273273892,0.361,7.0818023681640625,2.286219298839569,0.12292961217463017,4.672653436660767,15.57551097869873,0.0,2.7353515625
uncertainty_cost_lambda_c_0.3,0,25,0.0,0.3,0.0,1.0,0.35833333333333334,7.08923093477885,2.2935285568237305,0.12168059849904643,4.6740217208862305,15.580071952607897,0.0,2.658875869380103,0.355,7.089878439903259,2.2953354716300964,0.12100219167768955,4.673540830612183,15.578468561172485,0.0,2.7183459401130676
uncertainty_cost_lambda_c_0.3,0,26,0.0,0.3,0.0,1.0,0.35355555555555557,7.084216356277466,2.2868081529935202,0.12341791867381996,4.673990289370219,15.579966995451185,0.0,2.6548394097222223,0.362,7.088761210441589,2.294627070426941,0.1205548644065857,4.6735793352127075,15.578597068786621,0.0,2.787749171257019
uncertainty_cost_lambda_c_0.3,0,27,0.0,0.3,0.0,1.0,0.3522222222222222,7.088296016057332,2.2913994126849704,0.12049374491390255,4.676402833726671,15.588008748160469,0.0,2.2142361071374683,0.365,7.14110267162323,2.3415672183036804,0.12250663340091705,4.677028775215149,15.590095281600952,0.0,2.0200363397598267
uncertainty_cost_lambda_c_0.3,0,28,0.0,0.3,0.0,1.0,0.36044444444444446,7.077425916989644,2.2857934832572937,0.11670203982955879,4.674930413564046,15.583100689782036,0.0,2.5074869791666665,0.362,7.1009650230407715,2.30253142118454,0.12419877760112286,4.674234747886658,15.580781936645508,0.0,2.666655480861664
uncertainty_cost_lambda_c_0.3,0,29,0.0,0.3,0.0,1.0,0.35433333333333333,7.092213802867466,2.294009016619788,0.12413234718971783,4.67407242457072,15.58024067348904,0.0,2.6674913234180875,0.36,7.087105393409729,2.2907708287239075,0.12265047430992126,4.673684120178223,15.578946352005005,0.0,2.7353515625
uncertainty_cost_lambda_c_0.3,0,30,0.0,0.3,0.0,1.0,0.355,7.080524060461256,2.2823515666855707,0.12458868428236908,4.673583785692851,15.57861195670234,0.0,2.7189453111754522,0.368,7.099909663200378,2.3028416633605957,0.12368336133658886,4.6733845472335815,15.577948093414307,0.0,2.557953894138336
uncertainty_cost_lambda_c_0.3,0,31,0.0,0.3,0.0,1.0,0.3616666666666667,7.084123810132344,2.293715841240353,0.11683143157925871,4.673576593399048,15.57858814133538,0.0,2.7066623237397938,0.362,7.129096269607544,2.3330559730529785,0.12221321277320385,4.673827171325684,15.579423189163208,0.0,2.7332974076271057
uncertainty_cost_lambda_c_0.3,0,32,0.0,0.3,0.0,1.0,0.3572222222222222,7.076331363783942,2.284949713283115,0.11802233114010757,4.673359327846104,15.577863772710165,0.0,2.6853732665379844,0.366,7.131896138191223,2.3352428674697876,0.124521030113101,4.672132134437561,15.57377314567566,0.0,2.5495352745056152
uncertainty_cost_lambda_c_0.3,0,33,0.0,0.3,0.0,1.0,0.36133333333333334,7.091707852151659,2.2970404426256814,0.12099101849728161,4.6736764378017845,15.578920682271322,0.0,2.6614149279064603,0.365,7.088223695755005,2.290835440158844,0.12385272607207298,4.673535585403442,15.578451156616211,0.0,2.7323208451271057
uncertainty_cost_lambda_c_0.3,0,34,0.0,0.3,0.0,1.0,0.3566666666666667,7.104488372802734,2.305791543589698,0.12526322218279043,4.67343360847897,15.578111410140991,0.0,2.6529947916666665,0.362,7.108084559440613,2.3128121495246887,0.12152271717786789,4.673749685287476,15.579164981842041,0.0,2.4949151277542114
uncertainty_cost_lambda_c_0.3,0,35,0.0,0.3,0.0,1.0,0.35333333333333333,7.07512542936537,2.2810818784766727,0.1202360453704993,4.673807515038384,15.579357809490627,0.0,2.704774306880103,0.365,7.0984227657318115,2.302959680557251,0.12212156876921654,4.673341393470764,15.57780408859253,0.0,2.7856950759887695
uncertainty_cost_lambda_c_0.3,0,36,0.0,0.3,0.0,1.0,0.3557777777777778,7.100364632076687,2.309113257461124,0.11768962401482794,4.673561745219761,15.578538523779976,0.0,2.6928385429912143,0.37,7.129754424095154,2.3328745365142822,0.12344041094183922,4.6734395027160645,15.578130960464478,0.0,2.5431034564971924
uncertainty_cost_lambda_c_0.3,0,37,0.0,0.3,0.0,1.0,0.3561111111111111,7.07935435242123,2.287478446960449,0.11842017393145296,4.673455675443013,15.578185028500027,0.0,2.7249348958333335,0.363,7.078455328941345,2.2834513187408447,0.12155851535499096,4.6734455823898315,15.578151226043701,0.0,2.7526602745056152
uncertainty_cost_lambda_c_0.3,0,38,0.0,0.3,0.0,1.0,0.3581111111111111,7.081243991851807,2.2890075047810874,0.11870679973314206,4.673529677920872,15.578431659274631,0.0,2.7398654487397938,0.361,7.09269392490387,2.2960373759269714,0.12328074127435684,4.673375725746155,15.577918291091919,0.0,2.786772608757019
uncertainty_cost_lambda_c_0.3,0,39,0.0,0.3,0.0,1.0,0.35744444444444445,7.088287909825643,2.295713875028822,0.11917812320300275,4.673395911852519,15.577985816531712,0.0,2.721918397479587,0.369,7.133626341819763,2.336084306240082,0.12308737821877003,4.674454569816589,15.581514596939087,0.0,2.5773168206214905
uncertainty_cost_lambda_c_0.3,0,40,0.0,0.3,0.0,1.0,0.35777777777777775,7.0988726483450995,2.304696646001604,0.12066112520794074,4.673514909214443,15.578382518556383,0.0,2.660286466280619,0.362,7.091467380523682,2.2957577109336853,0.12242102809250355,4.673288702964783,15.577628374099731,0.0,2.788725733757019
uncertainty_cost_lambda_c_0.3,0,41,0.0,0.3,0.0,1.0,0.36088888888888887,7.084553387429979,2.293694105413225,0.11739081609994173,4.673468417591518,15.578227308061388,0.0,2.7102430529064603,0.365,7.102399826049805,2.306308329105377,0.1227259710431099,4.673365592956543,15.577884674072266,0.0,2.754209280014038
uncertainty_cost_lambda_c_0.3,0,42,0.0,0.3,0.0,1.0,0.3596666666666667,7.092566251754761,2.2979514797528586,0.12111896028121312,4.673495822482639,15.578318860795763,0.0,2.695334209336175,0.366,7.104411721229553,2.3083065152168274,0.12249479442834854,4.673610329627991,15.578700304031372,0.0,2.788725793361664
uncertainty_cost_lambda_c_0.3,0,43,0.0,0.3,0.0,1.0,0.35833333333333334,7.079093270831638,2.2874469425943165,0.11825849581509829,4.673387818866306,15.57795884874132,0.0,2.733094619380103,0.365,7.087088108062744,2.2922310829162598,0.12144666165113449,4.673410415649414,15.578034400939941,0.0,2.788725733757019
uncertainty_cost_lambda_c_0.3,0,44,0.0,0.3,0.0,1.0,0.35933333333333334,7.068867087364197,2.278816590706507,0.11677582582665814,4.673274702495998,15.577581723531088,0.0,2.7465494804912143,0.366,7.126758337020874,2.3308414816856384,0.12293140590190887,4.6729854345321655,15.57661747932434,0.0,2.616884410381317
uncertainty_cost_lambda_c_0.3,0,45,0.0,0.3,0.0,1.0,0.35588888888888887,7.083032872941759,2.2891703446706138,0.12071563137902154,4.673146896892124,15.577155722512138,0.0,2.7434678872426352,0.353,7.0932300090789795,2.296502947807312,0.12344795279204845,4.673279285430908,15.577596664428711,0.0,2.7990638613700867
uncertainty_cost_lambda_c_0.3,0,46,0.0,0.3,0.0,1.0,0.3586666666666667,7.088704811202155,2.297396288977729,0.11804873113416964,4.673259788089329,15.577532105975681,0.0,2.7537109322018094,0.361,7.087283492088318,2.2912701964378357,0.1227987427264452,4.673214554786682,15.577381134033203,0.0,2.788725733757019
uncertainty_cost_lambda_c_0.3,0,47,0.0,0.3,0.0,1.0,0.3576666666666667,7.093722992473179,2.2971903615527682,0.12328130493147506,4.6732513639662,15.577503893110487,0.0,2.7321614623069763,0.348,7.083703279495239,2.2899484038352966,0.12049005180597305,4.673264861106873,15.57754898071289,0.0,2.750606119632721
uncertainty_cost_lambda_c_0.3,0,48,0.0,0.3,0.0,1.0,0.35533333333333333,7.094680825869243,2.2950330906444125,0.12676079778207672,4.672886980904473,15.57628944185045,0.0,2.642838544315762,0.366,7.115144848823547,2.319358229637146,0.12324031069874763,4.6725462675094604,15.575153589248657,0.0,2.75363689661026
uncertainty_cost_lambda_c_0.3,0,49,0.0,0.3,0.0,1.0,0.359,7.0865179432762995,2.289066301451789,0.1243960615247488,4.673055529594421,15.576851023568047,0.0,2.724739591280619,0.365,7.119876384735107,2.3085843324661255,0.1382099986076355,4.673082113265991,15.576939582824707,0.0,2.7336004972457886
uncertainty_cost_lambda_c_0.3,0,50,0.0,0.3,0.0,1.0,0.35977777777777775,7.087966071234809,2.2957105504141913,0.11926457565277815,4.672990957895915,15.57663599650065,0.0,2.7312283052338495,0.361,7.102332353591919,2.2954058051109314,0.1338823214173317,4.673044323921204,15.57681393623352,0.0,2.7326239347457886
