run_name,budget,seeds,accuracy,accuracy_std,macro_f1,macro_f1_std,mean_confidence,accuracy_ci95
neural_baseline_lambda_s_0,0,5,0.0355,0.0,0.0024487825067255296,0.0,0.04584981054067612,0.0
neural_baseline_lambda_s_0,1,5,0.0655,0.0026692695630078306,0.00959541458601696,0.00043342823126971526,0.08593464642763138,0.0033143359178879174
neural_baseline_lambda_s_0,2,5,0.1206,0.004098780306383838,0.045388246139500876,0.010319334943404973,0.15270650684833526,0.005089307942983405
neural_baseline_lambda_s_0,3,5,0.1937,0.006389444420291959,0.10449492713997613,0.00803429186811456,0.22739132940769197,0.007933543105200447
neural_baseline_lambda_s_0,4,5,0.2783,0.013764083696345342,0.19940535681119032,0.007974475633337455,0.3091096580028534,0.0170903671940154
neural_baseline_lambda_s_0,5,5,0.3274,0.027877858597819157,0.25813606895681335,0.025914480980457247,0.3548653483390808,0.034614933367927314
neural_baseline_lambda_s_0,6,5,0.369,0.01726267650163207,0.3135329728304296,0.01687138513074019,0.3969815790653229,0.021434443924714643
neural_baseline_lambda_s_0,7,5,0.39370000000000005,0.009155599379614653,0.34984433389745195,0.010704001294808963,0.4188098430633545,0.011368178131644232
neural_baseline_lambda_s_0,8,5,0.4141,0.01968311459093808,0.3720761247763807,0.023433757335241234,0.44071404337882997,0.024439814760087025
neural_baseline_lambda_s_0,9,5,0.42869999999999997,0.019945550882339673,0.3903989728013636,0.02589612362160381,0.4488286733627319,0.024765672454942492
neural_baseline_lambda_s_0,10,5,0.4372,0.016675580949400255,0.4018206558101981,0.01933162563426692,0.4575264811515808,0.02070546851400284
neural_baseline_lambda_s_0,11,5,0.4468,0.01357663433992389,0.4142570073529989,0.015450166305876476,0.4617647290229797,0.01685761807666042
neural_baseline_lambda_s_0,12,5,0.4537,0.011289375536317323,0.42026151280327645,0.013390341425555416,0.46402567625045776,0.014017611165647531
neural_baseline_lambda_s_0,13,5,0.4753,0.007694153624668538,0.4473040898769291,0.00675961436195546,0.47791080474853515,0.00955355355239992
neural_baseline_lambda_s_0,14,5,0.48549999999999993,0.009918417212438692,0.4615096545283309,0.01466502449870567,0.4844999730587006,0.012315341571849658
neural_baseline_lambda_s_0,15,5,0.49659999999999993,0.01602107986372954,0.48104141468263756,0.024707912404593368,0.4918715596199036,0.01989279807914024
neural_baseline_lambda_s_0,16,5,0.4986,0.02001999000998751,0.4820439963303106,0.030398048879803033,0.4945250451564789,0.024858100839800504
neural_baseline_lambda_s_0,17,5,0.5067999999999999,0.02179621526779365,0.49475142542362105,0.0323845091701908,0.49964122772216796,0.02706357579511859
neural_baseline_lambda_s_0,18,5,0.5128,0.020008123350279527,0.5020322515065676,0.028945600754556527,0.5082501709461212,0.024843366435662168
neural_baseline_lambda_s_0,19,5,0.5212,0.02546958971008367,0.5158437688590785,0.03240453844128517,0.5123610198497772,0.03162467259203194
neural_baseline_lambda_s_0,20,5,0.5379,0.01233085560697236,0.5335891498010933,0.019060132181094994,0.5190499365329743,0.015310779474226602
neural_claq_lambda_s_0_4,0,5,0.0358,0.00027386127875258316,0.0024687573490774157,1.8234452897895492e-05,0.04985422194004059,0.00034004369032912795
neural_claq_lambda_s_0_4,1,5,0.0679,0.0021621748310439643,0.01004950679431931,0.0004363896486405219,0.07982395589351654,0.002684694645529597
neural_claq_lambda_s_0_4,2,5,0.1186,0.005029910535983719,0.04398663751021936,0.010520186919467992,0.14123896956443788,0.0062454588267167824
neural_claq_lambda_s_0_4,3,5,0.1813,0.01594757034786177,0.10001525717565904,0.011505211781667997,0.2151984989643097,0.019801523959761837
neural_claq_lambda_s_0_4,4,5,0.2552,0.016521198503740595,0.1785869334213176,0.016648475921454037,0.29432671666145327,0.02051377738927259
neural_claq_lambda_s_0_4,5,5,0.30460000000000004,0.017875961512601204,0.23056278844337075,0.016881317059642468,0.346688324213028,0.022195937843473016
neural_claq_lambda_s_0_4,6,5,0.3261,0.024711839267848944,0.2567681951276456,0.031006747345752594,0.35950508117675783,0.0306838011482861
neural_claq_lambda_s_0_4,7,5,0.3419,0.020265117813622478,0.275473283604111,0.025557212504057635,0.3735618770122528,0.025162467208532806
neural_claq_lambda_s_0_4,8,5,0.3619,0.02221598523586112,0.30311009428866637,0.03258432508136137,0.39262060523033143,0.02758478905199511
neural_claq_lambda_s_0_4,9,5,0.3702,0.020726191159979205,0.31132777772290166,0.03011629191928857,0.397582870721817,0.025734965383235293
neural_claq_lambda_s_0_4,10,5,0.4001,0.02108138989725296,0.3507974484922842,0.025439410802567414,0.414649760723114,0.02617600286751555
neural_claq_lambda_s_0_4,11,5,0.4149,0.022117300920320267,0.3734296040397641,0.027908012672712985,0.42670477032661436,0.027462256290200656
neural_claq_lambda_s_0_4,12,5,0.4229,0.020339001942081613,0.3851403502488926,0.026330898013909424,0.430982506275177,0.02525420647087918
neural_claq_lambda_s_0_4,13,5,0.4373,0.019370080020485222,0.409665960306315,0.023985722773455113,0.43843419551849366,0.024051131003762532
neural_claq_lambda_s_0_4,14,5,0.45220000000000005,0.014350958156165043,0.4313752984284592,0.01842471846789438,0.43900057673454285,0.017819068082238806
neural_claq_lambda_s_0_4,15,5,0.45990000000000003,0.010145195907423365,0.4400901115827569,0.012403608352152144,0.4394639372825623,0.01259692451297176
neural_claq_lambda_s_0_4,16,5,0.45810000000000006,0.020252777587284172,0.43596937646783057,0.024456667468528794,0.44403783082962034,0.02514714479375885
neural_claq_lambda_s_0_4,17,5,0.47219999999999995,0.02052620276622055,0.45322594045938747,0.021459227362617794,0.44928439855575564,0.02548664699464657
neural_claq_lambda_s_0_4,18,5,0.4854,0.028189980489528543,0.47445118875750436,0.031610983297617426,0.45693997740745546,0.035002483883914116
neural_claq_lambda_s_0_4,19,5,0.49239999999999995,0.022941229260874375,0.48142383839454894,0.025694329121434566,0.45929841995239257,0.028485298447766462
neural_claq_lambda_s_0_4,20,5,0.4981,0.026959228475607368,0.48988675058870673,0.035502833592447755,0.46162163019180297,0.03347430341751141
