run_name,seed,budget,accuracy,macro_f1,mean_confidence
neural_baseline_lambda_s_0,0,0,0.036,0.002482073910645339,0.05370147526264191
neural_baseline_lambda_s_0,0,1,0.0635,0.008765339871534562,0.08155040442943573
neural_baseline_lambda_s_0,0,2,0.12,0.0420920025934483,0.12222567200660706
neural_baseline_lambda_s_0,0,3,0.187,0.08672126556945388,0.19493581354618073
neural_baseline_lambda_s_0,0,4,0.2965,0.23220906214135167,0.30571430921554565
neural_baseline_lambda_s_0,0,5,0.3345,0.28698829156992317,0.34821194410324097
neural_baseline_lambda_s_0,0,6,0.369,0.32065661731370554,0.3817903995513916
neural_baseline_lambda_s_0,0,7,0.398,0.3613750031417467,0.40909796953201294
neural_baseline_lambda_s_0,0,8,0.4305,0.39112220118049323,0.42569077014923096
neural_baseline_lambda_s_0,0,9,0.421,0.38310348144128475,0.43190884590148926
neural_baseline_lambda_s_0,0,10,0.4215,0.38406052053365236,0.43224579095840454
neural_baseline_lambda_s_0,0,11,0.4355,0.4054109761475789,0.4391162097454071
neural_baseline_lambda_s_0,0,12,0.4335,0.4079924757090535,0.4293021857738495
neural_baseline_lambda_s_0,0,13,0.4345,0.40865880338969046,0.4228672385215759
neural_baseline_lambda_s_0,0,14,0.4375,0.4100545473402459,0.42985257506370544
neural_baseline_lambda_s_0,0,15,0.436,0.4109736711628133,0.4323056638240814
neural_baseline_lambda_s_0,0,16,0.4695,0.45829168221892086,0.4490226209163666
neural_baseline_lambda_s_0,0,17,0.467,0.45500341671673883,0.44387462735176086
neural_baseline_lambda_s_0,0,18,0.498,0.484688076612844,0.4614579379558563
neural_baseline_lambda_s_0,0,19,0.5115,0.49644109213122906,0.4710310399532318
neural_baseline_lambda_s_0,0,20,0.5155,0.4995854947084889,0.4691076874732971
neural_claq_lambda_s_0_4,0,0,0.036,0.002482073910645339,0.058733418583869934
neural_claq_lambda_s_0_4,0,1,0.066,0.010086713786828847,0.09596647322177887
neural_claq_lambda_s_0_4,0,2,0.1195,0.04876402726265179,0.15876716375350952
neural_claq_lambda_s_0_4,0,3,0.1945,0.12465157002595416,0.21024689078330994
neural_claq_lambda_s_0_4,0,4,0.2865,0.22325974564515458,0.3100951611995697
neural_claq_lambda_s_0_4,0,5,0.323,0.2634257934061306,0.35764849185943604
neural_claq_lambda_s_0_4,0,6,0.3575,0.3139037180552761,0.38960757851600647
neural_claq_lambda_s_0_4,0,7,0.3665,0.33111925435783823,0.4020485281944275
neural_claq_lambda_s_0_4,0,8,0.377,0.3382580658551858,0.40237724781036377
neural_claq_lambda_s_0_4,0,9,0.3715,0.33473736753803024,0.4098029136657715
neural_claq_lambda_s_0_4,0,10,0.3805,0.34025646179568014,0.41197508573532104
neural_claq_lambda_s_0_4,0,11,0.395,0.3605396074573125,0.4217889904975891
neural_claq_lambda_s_0_4,0,12,0.4095,0.37590770587871314,0.4212445914745331
neural_claq_lambda_s_0_4,0,13,0.4065,0.3732520968425768,0.41866785287857056
neural_claq_lambda_s_0_4,0,14,0.4185,0.3912628775605126,0.4218805134296417
neural_claq_lambda_s_0_4,0,15,0.4245,0.4072255778895424,0.4301222562789917
neural_claq_lambda_s_0_4,0,16,0.4525,0.4472382009501272,0.44438567757606506
neural_claq_lambda_s_0_4,0,17,0.4525,0.4402740432389135,0.4484904110431671
neural_claq_lambda_s_0_4,0,18,0.4575,0.4530891195409906,0.45274817943573
neural_claq_lambda_s_0_4,0,19,0.457,0.4516448224636469,0.45377349853515625
neural_claq_lambda_s_0_4,0,20,0.4865,0.4909105079545006,0.46921905875205994
neural_baseline_lambda_s_0,1,0,0.0355,0.0024487825067255296,0.047871582210063934
neural_baseline_lambda_s_0,1,1,0.0675,0.010234834884922855,0.07875961065292358
neural_baseline_lambda_s_0,1,2,0.1255,0.050215143952481875,0.1329042911529541
neural_baseline_lambda_s_0,1,3,0.1985,0.10105269140610414,0.2133425772190094
neural_baseline_lambda_s_0,1,4,0.272,0.19345543718229744,0.29033008217811584
neural_baseline_lambda_s_0,1,5,0.308,0.23739393465123265,0.3167608380317688
neural_baseline_lambda_s_0,1,6,0.3455,0.2856153529187067,0.34651055932044983
neural_baseline_lambda_s_0,1,7,0.382,0.3266922898737848,0.3834162652492523
neural_baseline_lambda_s_0,1,8,0.393,0.3378399874379006,0.4034375548362732
neural_baseline_lambda_s_0,1,9,0.398,0.35110185258760007,0.4132402837276459
neural_baseline_lambda_s_0,1,10,0.417,0.36979695829611803,0.4267131984233856
neural_baseline_lambda_s_0,1,11,0.427,0.38739576759184713,0.432201087474823
neural_baseline_lambda_s_0,1,12,0.457,0.43623948223274667,0.45080792903900146
neural_baseline_lambda_s_0,1,13,0.4715,0.45314988258783684,0.4620410203933716
neural_baseline_lambda_s_0,1,14,0.4785,0.45726392438775754,0.4661027491092682
neural_baseline_lambda_s_0,1,15,0.5045,0.4976312073478485,0.49702948331832886
neural_baseline_lambda_s_0,1,16,0.5235,0.517861346461447,0.5082291960716248
neural_baseline_lambda_s_0,1,17,0.526,0.5255115850433306,0.5081449151039124
neural_baseline_lambda_s_0,1,18,0.5325,0.5399905438433025,0.5093631148338318
neural_baseline_lambda_s_0,1,19,0.523,0.5277348275391506,0.5077725052833557
neural_baseline_lambda_s_0,1,20,0.521,0.5256517839532729,0.5096690654754639
neural_claq_lambda_s_0_4,1,0,0.0355,0.0024487825067255296,0.04579158127307892
neural_claq_lambda_s_0_4,1,1,0.0695,0.009863813765504853,0.08731149137020111
neural_claq_lambda_s_0_4,1,2,0.1185,0.04004000820431244,0.13644081354141235
neural_claq_lambda_s_0_4,1,3,0.201,0.12241237600397367,0.22876690328121185
neural_claq_lambda_s_0_4,1,4,0.2795,0.1946814963385173,0.31663912534713745
neural_claq_lambda_s_0_4,1,5,0.3075,0.22781954353126002,0.34837162494659424
neural_claq_lambda_s_0_4,1,6,0.328,0.2618466700043306,0.39074042439460754
neural_claq_lambda_s_0_4,1,7,0.343,0.278973751497863,0.391297847032547
neural_claq_lambda_s_0_4,1,8,0.3705,0.3061690535591932,0.40853649377822876
neural_claq_lambda_s_0_4,1,9,0.3895,0.3257052884822725,0.4135470688343048
neural_claq_lambda_s_0_4,1,10,0.4025,0.3463907853496962,0.4307433068752289
neural_claq_lambda_s_0_4,1,11,0.438,0.3908154077615712,0.4507565498352051
neural_claq_lambda_s_0_4,1,12,0.451,0.4190916858524716,0.46177154779434204
neural_claq_lambda_s_0_4,1,13,0.459,0.4340458098668315,0.4628623127937317
neural_claq_lambda_s_0_4,1,14,0.461,0.43644447354484445,0.46389880776405334
neural_claq_lambda_s_0_4,1,15,0.4645,0.44835809862563,0.4654085338115692
neural_claq_lambda_s_0_4,1,16,0.4615,0.44417200346594216,0.4649679660797119
neural_claq_lambda_s_0_4,1,17,0.471,0.45433476563626835,0.4746522307395935
neural_claq_lambda_s_0_4,1,18,0.4745,0.45973594396621514,0.471828430891037
neural_claq_lambda_s_0_4,1,19,0.499,0.48297100308604834,0.48113977909088135
neural_claq_lambda_s_0_4,1,20,0.5045,0.4949758126025687,0.47663414478302
neural_baseline_lambda_s_0,2,0,0.036,0.002482073910645339,0.0481572225689888
neural_baseline_lambda_s_0,2,1,0.0655,0.00890759682795081,0.07701528817415237
neural_baseline_lambda_s_0,2,2,0.1065,0.026655332592970808,0.12309522181749344
neural_baseline_lambda_s_0,2,3,0.189,0.09092829247950478,0.21437127888202667
neural_baseline_lambda_s_0,2,4,0.2685,0.19052863727534658,0.28774967789649963
neural_baseline_lambda_s_0,2,5,0.3455,0.2756685792287544,0.37831488251686096
neural_baseline_lambda_s_0,2,6,0.375,0.3241166866705433,0.4048319160938263
neural_baseline_lambda_s_0,2,7,0.4165,0.3623137760835097,0.42782360315322876
neural_baseline_lambda_s_0,2,8,0.4335,0.3996829521738508,0.44338923692703247
neural_baseline_lambda_s_0,2,9,0.459,0.4420361337774213,0.4494641423225403
neural_baseline_lambda_s_0,2,10,0.4685,0.44226323600197626,0.4565408229827881
neural_baseline_lambda_s_0,2,11,0.4705,0.4481893333486987,0.46324634552001953
neural_baseline_lambda_s_0,2,12,0.4645,0.4472282794419245,0.4569152295589447
neural_baseline_lambda_s_0,2,13,0.4785,0.4538083370955089,0.46043384075164795
neural_baseline_lambda_s_0,2,14,0.4845,0.46827542365957636,0.4612671136856079
neural_baseline_lambda_s_0,2,15,0.4895,0.4738634907404318,0.46458232402801514
neural_baseline_lambda_s_0,2,16,0.5035,0.49546624450042626,0.47698211669921875
neural_baseline_lambda_s_0,2,17,0.514,0.5051073286630159,0.49211573600769043
neural_baseline_lambda_s_0,2,18,0.5275,0.5242040671074565,0.4978817105293274
neural_baseline_lambda_s_0,2,19,0.5455,0.5455306618114544,0.504859983921051
neural_baseline_lambda_s_0,2,20,0.563,0.5678711032708675,0.5085416436195374
neural_claq_lambda_s_0_4,2,0,0.0355,0.0024487825067255296,0.04408111050724983
neural_claq_lambda_s_0_4,2,1,0.0645,0.00995316929122765,0.09146151691675186
neural_claq_lambda_s_0_4,2,2,0.1175,0.03319502008100124,0.14373624324798584
neural_claq_lambda_s_0_4,2,3,0.1875,0.10445074208686071,0.23226089775562286
neural_claq_lambda_s_0_4,2,4,0.2685,0.18381364551688728,0.30797189474105835
neural_claq_lambda_s_0_4,2,5,0.2895,0.20436134658891694,0.331896036863327
neural_claq_lambda_s_0_4,2,6,0.3155,0.23976181080655715,0.36683422327041626
neural_claq_lambda_s_0_4,2,7,0.3315,0.2687706453861882,0.36605963110923767
neural_claq_lambda_s_0_4,2,8,0.362,0.2997598494427625,0.39618977904319763
neural_claq_lambda_s_0_4,2,9,0.3775,0.322841739734352,0.40003257989883423
neural_claq_lambda_s_0_4,2,10,0.3785,0.32850462127148533,0.3934280574321747
neural_claq_lambda_s_0_4,2,11,0.4055,0.3631195696766522,0.4074678421020508
neural_claq_lambda_s_0_4,2,12,0.4055,0.3646678145777112,0.40580424666404724
neural_claq_lambda_s_0_4,2,13,0.425,0.3906103527672888,0.41311532258987427
neural_claq_lambda_s_0_4,2,14,0.4645,0.4486966625729997,0.44486528635025024
neural_claq_lambda_s_0_4,2,15,0.493,0.4844996585295559,0.4665248692035675
neural_claq_lambda_s_0_4,2,16,0.507,0.5032024222633936,0.47005921602249146
neural_claq_lambda_s_0_4,2,17,0.5115,0.5023414871124804,0.4728524684906006
neural_claq_lambda_s_0_4,2,18,0.5185,0.513181147691619,0.47419431805610657
neural_claq_lambda_s_0_4,2,19,0.529,0.5242879222312297,0.48825928568840027
neural_claq_lambda_s_0_4,2,20,0.5225,0.5161308911246705,0.4962329566478729
neural_baseline_lambda_s_0,3,0,0.0355,0.0024487825067255296,0.05374807119369507
neural_baseline_lambda_s_0,3,1,0.065,0.009714240052574546,0.09166577458381653
neural_baseline_lambda_s_0,3,2,0.1175,0.03244080437104579,0.15124383568763733
neural_baseline_lambda_s_0,3,3,0.1985,0.1032590447949079,0.23529981076717377
neural_baseline_lambda_s_0,3,4,0.2135,0.13643995636933304,0.2595144510269165
neural_baseline_lambda_s_0,3,5,0.267,0.19250438259866237,0.3009178936481476
neural_baseline_lambda_s_0,3,6,0.2995,0.22854767496458556,0.31627440452575684
neural_baseline_lambda_s_0,3,7,0.31,0.24820137177751397,0.3286583125591278
neural_baseline_lambda_s_0,3,8,0.3345,0.2920541542637935,0.3434017300605774
neural_baseline_lambda_s_0,3,9,0.3345,0.2938347352746046,0.3360058069229126
neural_baseline_lambda_s_0,3,10,0.356,0.3110750816698294,0.34525665640830994
neural_baseline_lambda_s_0,3,11,0.381,0.3364193446259177,0.3674180507659912
neural_baseline_lambda_s_0,3,12,0.3995,0.36188254915747836,0.38280928134918213
neural_baseline_lambda_s_0,3,13,0.414,0.3822789199065507,0.38633424043655396
neural_baseline_lambda_s_0,3,14,0.4085,0.3777851037181898,0.39205023646354675
neural_baseline_lambda_s_0,3,15,0.4315,0.40325620150753405,0.3950934112071991
neural_baseline_lambda_s_0,3,16,0.4505,0.4319948540952169,0.3954204320907593
neural_baseline_lambda_s_0,3,17,0.475,0.4591408364080434,0.41315987706184387
neural_baseline_lambda_s_0,3,18,0.4845,0.46909973977254976,0.4181585907936096
neural_baseline_lambda_s_0,3,19,0.5075,0.49653648311363086,0.42882198095321655
neural_baseline_lambda_s_0,3,20,0.5225,0.5196093475914975,0.43246981501579285
neural_claq_lambda_s_0_4,3,0,0.036,0.002482073910645339,0.04874240979552269
neural_claq_lambda_s_0_4,3,1,0.065,0.010059303869873372,0.07880993187427521
neural_claq_lambda_s_0_4,3,2,0.124,0.06150303233498944,0.1429775059223175
neural_claq_lambda_s_0_4,3,3,0.171,0.08452263622197029,0.18414373695850372
neural_claq_lambda_s_0_4,3,4,0.228,0.14804138068318634,0.2497328817844391
neural_claq_lambda_s_0_4,3,5,0.292,0.22390859793682955,0.3093791902065277
neural_claq_lambda_s_0_4,3,6,0.332,0.26017681871263876,0.34196847677230835
neural_claq_lambda_s_0_4,3,7,0.3485,0.272467295613312,0.35448113083839417
neural_claq_lambda_s_0_4,3,8,0.3625,0.2907244706364782,0.38081708550453186
neural_claq_lambda_s_0_4,3,9,0.372,0.312554189836002,0.3830498158931732
neural_claq_lambda_s_0_4,3,10,0.386,0.3273653724113288,0.38939741253852844
neural_claq_lambda_s_0_4,3,11,0.4125,0.35976790090548255,0.4113233685493469
neural_claq_lambda_s_0_4,3,12,0.4475,0.414117112181037,0.43989378213882446
neural_claq_lambda_s_0_4,3,13,0.4775,0.45551282782283575,0.4422302842140198
neural_claq_lambda_s_0_4,3,14,0.485,0.4709269619328929,0.4526132345199585
neural_claq_lambda_s_0_4,3,15,0.4905,0.4865369182459001,0.4503129720687866
neural_claq_lambda_s_0_4,3,16,0.49,0.4861691126847134,0.4465949237346649
neural_claq_lambda_s_0_4,3,17,0.4915,0.4873182011429686,0.4446209669113159
neural_claq_lambda_s_0_4,3,18,0.5065,0.5049701168498323,0.4481867849826813
neural_claq_lambda_s_0_4,3,19,0.505,0.49646638119838693,0.4517948627471924
neural_claq_lambda_s_0_4,3,20,0.5135,0.5068556626266374,0.4592610001564026
neural_baseline_lambda_s_0,4,0,0.0355,0.0024487825067255296,0.04548574239015579
neural_baseline_lambda_s_0,4,1,0.0675,0.010234834884922855,0.08014128357172012
neural_baseline_lambda_s_0,4,2,0.128,0.035659091333064954,0.13376112282276154
neural_baseline_lambda_s_0,4,3,0.198,0.10464026910633592,0.22045080363750458
neural_baseline_lambda_s_0,4,4,0.273,0.1900484617121147,0.2875712215900421
neural_baseline_lambda_s_0,4,5,0.3085,0.23771160435747624,0.33386555314064026
neural_baseline_lambda_s_0,4,6,0.3215,0.26710817179454044,0.3378339111804962
neural_baseline_lambda_s_0,4,7,0.329,0.2796563845113798,0.3340815305709839
neural_baseline_lambda_s_0,4,8,0.3325,0.2745328235139234,0.3363572359085083
neural_baseline_lambda_s_0,4,9,0.371,0.33487922522708546,0.36334070563316345
neural_baseline_lambda_s_0,4,10,0.393,0.35252213403200516,0.39007195830345154
neural_baseline_lambda_s_0,4,11,0.4105,0.3826055266496093,0.4105715751647949
neural_baseline_lambda_s_0,4,12,0.456,0.438545099178108,0.45440131425857544
neural_baseline_lambda_s_0,4,13,0.476,0.4620735232090413,0.46591809391975403
neural_baseline_lambda_s_0,4,14,0.503,0.4907090867896975,0.47566816210746765
neural_baseline_lambda_s_0,4,15,0.508,0.4973642300924398,0.48089396953582764
neural_baseline_lambda_s_0,4,16,0.518,0.5095477489286232,0.48426416516304016
neural_baseline_lambda_s_0,4,17,0.5275,0.5189858900086631,0.48323285579681396
neural_baseline_lambda_s_0,4,18,0.532,0.530290735445859,0.48716267943382263
neural_baseline_lambda_s_0,4,19,0.532,0.5367448334888764,0.49137699604034424
neural_baseline_lambda_s_0,4,20,0.544,0.5459423919266098,0.4933890402317047
neural_claq_lambda_s_0_4,4,0,0.0355,0.0024487825067255296,0.0484049990773201
neural_claq_lambda_s_0_4,4,1,0.0675,0.009532134376477439,0.09190844744443893
neural_claq_lambda_s_0_4,4,2,0.118,0.046300787053420736,0.14302654564380646
neural_claq_lambda_s_0_4,4,3,0.173,0.07989119104001427,0.20499102771282196
neural_claq_lambda_s_0_4,4,4,0.2545,0.1666909472012432,0.2910091280937195
neural_claq_lambda_s_0_4,4,5,0.306,0.23254496880018644,0.35893532633781433
neural_claq_lambda_s_0_4,4,6,0.322,0.2547372363524666,0.3709963858127594
neural_claq_lambda_s_0_4,4,7,0.328,0.26960068004195376,0.38319772481918335
neural_claq_lambda_s_0_4,4,8,0.333,0.27184778889957484,0.3831886649131775
neural_claq_lambda_s_0_4,4,9,0.3455,0.28354900044223497,0.38678690791130066
neural_claq_lambda_s_0_4,4,10,0.358,0.3122332137794743,0.3985830545425415
neural_claq_lambda_s_0_4,4,11,0.391,0.3433604908386904,0.4135722517967224
neural_claq_lambda_s_0_4,4,12,0.4155,0.38719482436564884,0.43429887294769287
neural_claq_lambda_s_0_4,4,13,0.4385,0.42348627922154913,0.4390663504600525
neural_claq_lambda_s_0_4,4,14,0.4765,0.4717461297746995,0.45361894369125366
neural_claq_lambda_s_0_4,4,15,0.4665,0.461365756219815,0.4589262008666992
neural_claq_lambda_s_0_4,4,16,0.4755,0.47006561688011805,0.4573943614959717
neural_claq_lambda_s_0_4,4,17,0.472,0.4702118298534498,0.45966997742652893
neural_claq_lambda_s_0_4,4,18,0.48,0.47477753087891517,0.4600030481815338
neural_claq_lambda_s_0_4,4,19,0.4895,0.4737378759574265,0.46028339862823486
neural_claq_lambda_s_0_4,4,20,0.4915,0.4770180862168964,0.45930615067481995
